customer_id,national_id,full_name_en,full_name_ar,email,phone,iban,city,registration_date,last_activity_date,health_condition,account_status
C0180,1757383959,Omar Al-Shammari,عمر الأحمد,omar.shammari180@example.com,0572466572,SA9341722329716743380054,Dammam,2019-10-23,2015-07-01,Diabetes,Active
C0473,1388503423,Noura Al-Shammari,نورة الشمري,noura.shammari473@example.com,0562203347,SA4246310437968680085294,Mecca,2020-06-25,2020-12-15,Asthma,Active
C0067,2667116845,Yousef Al-Shammari,يوسف الزهراني,,0577590175,SA1863637454589297500170,Riyadh,2019-08-06,2022-10-31,Diabetes,Inactive
C0091,1557941552,Maha Al-Ahmad,مها الأحمد,maha.ahmad91_at_example.com,0516674676,SA2120216979729659027716,,2019-07-21,2023-04-09,,Active
C0414,1585238600,Maha Al-Mutairi,مها الزهراني,maha.mutairi414@example.com,0530443619,SA9517152391029295014374, Khobar,2021-12-01,2025-10-01,Asthma,Active
C0413,1927120539,Aisha Al-Zahrani,عائشة المطيري,aisha.zahrani413@example.com,0578713752,SA9883220125608320048797,MEDINA,2022-12-03,2022-12-08,Asthma,Suspended
C0277,1199529800,Khalid Al-Shammari,خالد الغامدي,khalid.shammari277@example.com,0561558108,SA3583286342556383000818,Mecca,2019-11-14,2022-11-15,None,Active
C0455,2569198321,Omar Al-Mutairi,عمر الغامدي,omar.mutairi455@example.com,0502916174,SA6902983104384196622913,riyadh,08/12/2022,2025-06-30,None,Inactive
C0320,2907977961,Omar Al-Dossari,عمر المالكي,omar.dossari320@example.com,0520878057,SA2151494097626374845398,Mecca,2020-07-06,2023-02-13,Diabetes,Suspended
C0006,2262473178,Noura Al-Otaibi,نورة الغامدي,noura.otaibi6@example.com,0510801326,SA7736026064746872343098, Riyadh,2020-02-24,2021-03-19,Hypertension,Active
C0265,2890030102,Abdullah Al-Otaibi,عبدالله المطيري,abdullah.otaibi265@example.com,0572405593,SA4296711148375374584384,Dammam,2018-02-11,2019-05-22,Asthma,Suspended
C0130,2025922220,Reem Al-Malki,ريم المطيري,reem.malki130@example.com,0564474212,SA3094077780973397767199,Riyadh,17/10/2019,2021-11-30,Diabetes,Suspended
C0001,1218196001,Huda Al-Otaibi,هدى الأحمد,huda.otaibi1@example.com,0533890838,SA123,,2021-01-31,2022-06-16,None,Suspended
C0235,1847657041,Layla Al-Shammari,ليلى القحطاني,layla.shammari235@example.com,0520092820,SA123, Jeddah,2020-01-18,2022-09-06,Asthma,Suspended
C0330,2362718749,Aisha Al-Zahrani,عائشة المالكي,aisha.zahrani330@example.com,0560335826,SA8627036924926932657327,Dammam,2022-07-31,2013-10-07,Asthma,Suspended
C0120,2053910371,Maha Al-Shammari,مها الزهراني,maha.shammari120@example.com,0570586509,SA4801413811386338392886,Khobar,2023-11-24,2027-05-24,,Suspended
C0024,2937923747,Yousef Al-Qahtani,يوسف القحطاني,yousef.qahtani24@example.com,0540748217,SA5946474367136959440640,Medina,2019-12-19,2020-05-28,,Suspended
C0038,1246095396,Maha Al-Zahrani,مها المطيري,maha.zahrani38@example.com,0521851888,SA8806706540515319520585,Tabuk,2018-03-09,2021-09-23,Diabetes,Suspended
C0089,1309821506,Fahad Al-Shammari,فهد الأحمد,fahad.shammari89@example.com,0548909010,SA0167618472304618499261,Medina,2020-07-24,2021-10-26,Asthma,Active
C0197,1615347355,Maha Al-Harbi,مها العتيبي,maha.harbi197@example.com,0528961122,SA3386559630993842530428,Medina,2018-03-27,2013-01-08,None,Active
C0252,2326868507,Noura Al-Harbi,نورة العتيبي,noura.harbi252@example.com,0545106634,SA3629489786103131009431,Medina,2018-12-11,2020-12-05,,Inactive
C0376,1983152291,Khalid Al-Dossari,خالد الشمري,khalid.dossari376@example.com,0507322836,SA0849378306396384526969,DAMMAM,2019-03-14,2020-09-05,Hypertension,Active
C0175,1659152017,Huda Al-Otaibi,هدى الدوسري,huda.otaibi175@example.com,0577490509,SA7592304501896164236103,Jeddah,2018-04-17,2019-11-20,None,Inactive
C0131,1205020994,Sara Al-Mutairi,سارة المالكي,sara.mutairi131@example.com,0551016224,SA9998279501455616814721,KHOBAR,2020-04-30,2020-08-08,Hypertension,Inactive
C0124,1166553559,Abdullah Al-Otaibi,عبدالله الحربي,abdullah.otaibi124@example.com,0504259792,SA7033521103924051477053,Khobar,2022-10-28,2024-08-20,Asthma,Active
C0205,,Omar Al-Harbi,عمر الزهراني,omar.harbi205@example.com,0560053131,SA2206815583938661331552,riyadh,2018-08-03,2016-02-26,None,Suspended
C0087,2947170999,Omar Al-Harbi,عمر الشمري,omar.harbi87@example.com,0517381684,SA6022356972521752500743,Tabuk,2021-09-19,2023-10-20,Diabetes,Suspended
C0015,1241904966,Omar Al-Harbi,عمر الدوسري,omar.harbi15@example.com,0531931491,SA9058651850671657262849,Tabuk ,2019-11-19,2023-04-12,Asthma,Inactive
C0247,2591966395,Khalid Al-Shammari,خالد الزهراني,khalid.shammari247@example.com,0551720849,SA6498560125625313552510,Dammam,2022-10-02,2026-02-04,,Suspended
C0454,1811659930,Sara Al-Zahrani,سارة الحربي,sara.zahrani454@example.com,0520203042,SA123,Riyadh,2020-05-15,2024-06-20,,Inactive
C9112,1609365952,Khalid  Al-Zahrani,خالد الحربي,khalid.zahrani391@example.com,0501491189,SA4184336875092632239982,Riyadh,2021-03-07,2024-07-09,Diabetes,Inactive
C0078,1029218515,Abdullah Al-Qahtani,عبدالله الدوسري,abdullah.qahtani78@example.com,0569154522,SA6752895392644220969029,Dammam,2019-12-28,2013-05-09,Asthma,Active
C0039,2043030548,Khalid Al-Zahrani,خالد القحطاني,khalid.zahrani39@example.com,0568740345,SA0541566765277584161692,,2019-07-07,2014-10-25,Hypertension,Inactive
C0083,895,Yousef Al-Harbi,يوسف المالكي,yousef.harbi83@example.com,0529960653,SA0745054447132475469137,Jeddah,2021-11-09,2024-02-28,None,Suspended
C0339,1629518779,Layla Al-Zahrani,ليلى الأحمد,layla.zahrani339@example.com,0541763425,SA0733055978245759833991,Dammam,2021-07-07,2014-07-04,,Suspended
C0104,1777392603,Maha Al-Otaibi,مها الغامدي,maha.otaibi104@example.com,0502992280,SA9202428699041379772369,Jeddah,2022-08-26,2024-07-02,Asthma,Active
C0388,1894642036,Omar Al-Shammari,عمر المطيري,omar.shammari388@example.com,0525863144,SA123,Mecca,2021-04-23,2025-05-18,None,Inactive
C0321,1591191862,Huda Al-Mutairi,هدى الدوسري,huda.mutairi321@example.com,0533922071,SA5116966672521452647124,Mecca,2018-01-28,2021-06-29,Diabetes,Active
C0324,1734666617,Reem Al-Malki,ريم الغامدي,reem.malki324@example.com,0507158796,SA4740803149982508004635,Medina,2021-03-03,2022-12-19,,Suspended
C0201,1225999966,Faisal Al-Harbi,فيصل الدوسري,faisal.harbi201@example.com,0536186371,SA5974121820970231643348,Riyadh,2018-04-06,2016-03-21,None,Active
C0318,2884882691,Noura Al-Ahmad,نورة العتيبي,noura.ahmad318@example.com,0531196425,SA8562614991537038240733,Jeddah,2020-02-17,2023-05-23,Diabetes,Inactive
C0023,1621745961,Ahmad Al-Malki,أحمد الزهراني,ahmad.malki23@example.com,0558657809,SA1343161172400504556238,Mecca,04/03/2018,2022-03-22,Asthma,Suspended
C0009,1598262045,Mohammed Al-Otaibi,محمد العتيبي,mohammed.otaibi9@example.com,0505331586,SA9232260256342160733754,Tabuk,2019-09-03,2015-04-24,Diabetes,Active
C0135,1768104091,Yousef Al-Otaibi,يوسف المالكي,yousef.otaibi135@example.com,0557018409,SA4353344857142241098813,Medina,2019-06-28,2020-08-21,Hypertension,Suspended
C0145,,Yousef Al-Shammari,يوسف الغامدي,yousef.shammari145@example.com,0520064256,SA9087766183067198554601,Dammam,2019-03-12,2021-09-01,Asthma,Inactive
C0096,1983863840,Yousef Al-Malki,يوسف الأحمد,yousef.malki96@example.com,0566658004,SA3973598933472122816064,Medina,2022-01-09,2024-07-23,Hypertension,Active
C0398,,Fahad Al-Ahmad,فهد الدوسري,fahad.ahmad398@example.com,0507266292,SA5081776029914068841333,Mecca ,2020-06-22,2024-01-18,Diabetes,Active
C0062,1529096561,Aisha Al-Malki,عائشة المطيري,aisha.malki62@example.com,0501438889,SA9375679825071461125457,Tabuk,2018-12-15,2019-07-26,Diabetes,Suspended
C0371,2640830373,Khalid Al-Harbi,خالد الحربي,khalid.harbi371@example.com,,SA6084907938841368528306,Riyadh,2018-06-08,2019-09-20,Hypertension,Suspended
C0387,2998795098,Khalid Al-Ahmad,خالد الشمري,khalid.ahmad387@example.com,0522104016,SA4818804428773836381643,Jeddah,2020-05-01,2021-09-05,,Active
C0099,1466766506,Yousef Al-Harbi,يوسف المالكي,,0518091901,SA5814491476607283268424,Khobar,2018-10-16,2022-01-05,Hypertension,Active
C0305,2741721562,Mohammed Al-Otaibi,محمد الأحمد,mohammed.otaibi305@example.com,0529493817,SA3598488402155732573755,jeddah,04/11/2021,2023-05-23,Hypertension,Inactive
C0270,2369026113,Mohammed Al-Otaibi,محمد المطيري,mohammed.otaibi270@example.com,0598986818,SA0978875439435353751376,Dammam,2020-05-16,2022-02-16,,Inactive
C0261,2100231177,Noura Al-Mutairi,نورة المطيري,noura.mutairi261@example.com,0553312661,SA0941017590251762983347,MECCA,2021-11-26,2025-03-07,Hypertension,Active
C0316,2417899698,Ahmad Al-Zahrani,أحمد الغامدي,ahmad.zahrani316@example.com,05609,SA1359966057798066039205,Riyadh,2023-07-21,2024-10-16,Hypertension,Inactive
C0341,2562590459,Noura Al-Shammari,نورة المالكي,noura.shammari341@example.com,0590802711,SA2218231555165176808662,Medina,15/04/2018,2021-10-23,,Active
C0195,2854982274,Fahad Al-Ahmad,فهد الأحمد,fahad.ahmad195@example.com,0595450892,SA0388065333153779599594,mecca,2019-06-07,2021-03-06,Hypertension,Active
C0081,1467741862,Abdullah Al-Qahtani,عبدالله الحربي,abdullah.qahtani81@example.com,0556527047,SA7434902115869380686879,Jeddah,2018-12-02,2021-07-28,None,Inactive
C0028,1268117758,Layla Al-Dossari,ليلى الأحمد,layla.dossari28@example.com,0591783908,SA4700766177115921249985,Mecca,2019-12-15,2021-06-10,Asthma,Suspended
C0241,2089319925,Omar Al-Qahtani,عمر الشمري,omar.qahtani241@example.com,0550272751,SA6480727910336829635339,Riyadh,2021-12-23,2025-11-11,Hypertension,Inactive
C0465,2741307538,Ahmad Al-Otaibi,أحمد المالكي,ahmad.otaibi465@example.com,0541852013,SA6260846397561547055491,Tabuk,2018-08-16,2020-02-23,Diabetes,Suspended
C0160,2985240132,Khalid Al-Dossari,خالد الحربي,,0523423216,SA1107603108907140140119,Jeddah,2022-01-25,2022-11-05,Asthma,Active
C0023,1621745961,Ahmad Al-Malki,أحمد الزهراني,ahmad.malki23@example.com,0558657809,SA1343161172400504556238,Mecca,04/03/2018,2022-03-22,Asthma,Suspended
C0125,2920698042,Abdullah Al-Malki,عبدالله المالكي,abdullah.malki125@example.com,0504394070,SA123,khobar,2020-11-25,2023-12-23,,Active
C0018,2752047116,Maha Al-Ahmad,مها المطيري,maha.ahmad18@example.com,0571902294,SA1318699938677496499091,Tabuk,2021-03-10,2023-10-27,Diabetes,Suspended
C0040,2962757059,Ahmad Al-Otaibi,أحمد الدوسري,ahmad.otaibi40@example.com,0564016582,SA0297021355690927557192,Medina,2021-04-25,2023-01-12,Hypertension,Inactive
C0344,1537657692,Faisal Al-Ahmad,فيصل الحربي,faisal.ahmad344@example.com,0577894319,SA1009004047692105336514,Mecca,2018-02-20,2019-05-09,,Inactive
C0169,2321234764,Ahmad Al-Dossari,أحمد الدوسري,ahmad.dossari169@example.com,0590785158,SA6734257540900348645183,Tabuk,2022-05-17,2023-09-12,None,Inactive
C0185,1586988649,Aisha Al-Qahtani,عائشة الزهراني,aisha.qahtani185@example.com,0576776228,SA2772881377028519611594,Riyadh,2020-05-29,2022-11-28,Asthma,Active
C0353,2346060560,Layla Al-Qahtani,ليلى الغامدي,layla.qahtani353@example.com,0535679327,SA123,Dammam,21/08/2022,2026-02-22,None,Suspended
C0276,2675361275,Khalid Al-Harbi,خالد العتيبي,khalid.harbi276@example.com,0515627796,SA3044836085456676640473,Dammam ,2020-06-15,2021-01-31,,Inactive
C0031,291,Noura Al-Mutairi,نورة المطيري,noura.mutairi31@example.com,0576438156,SA1497840369003432445107,Khobar,2018-12-14,2019-03-31,None,Active
C0281,2922483958,Sara Al-Harbi,سارة المالكي,sara.harbi281@example.com,0594773522,SA8705622710433187510979,Jeddah,2021-08-13,2025-01-23,,Inactive
C0354,2876989992,Yousef Al-Dossari,يوسف الحربي,yousef.dossari354@example.com,0575175889,SA1444498355393543586449,Mecca,2021-09-01,2023-05-25,Diabetes,Suspended
C0082,1172233206,Ahmad Al-Shammari,أحمد الأحمد,ahmad.shammari82@example.com,0516329451,SA1686854870998616229991,Riyadh,2023-08-19,2026-10-31,Asthma,Active
C0051,2191088398,Huda Al-Mutairi,هدى العتيبي,huda.mutairi51@example.com,0522587139,SA7187072867908740640391,Riyadh,2023-11-23,2026-05-25,None,Inactive
C0017,2685574443,Huda Al-Mutairi,هدى الدوسري,huda.mutairi17@example.com,0513518233,SA7498941343524082400842,Khobar ,2023-04-23,2026-05-30,None,Active
C0217,2201859626,Reem Al-Qahtani,ريم الأحمد,reem.qahtani217@example.com,0530136749,SA2617647501111783099974,Khobar,29/01/2019,2021-01-26,,Suspended
C0436,2884869996,Mohammed Al-Dossari,محمد الغامدي,mohammed.dossari436@example.com,0598829045,SA7927147246301986424238,Khobar ,2019-05-21,2020-03-17,Diabetes,Suspended
C0357,1089532638,Yousef Al-Harbi,يوسف المالكي,yousef.harbi357@example.com,0590219947,SA1136337922341034699673,Jeddah,2021-12-19,2015-09-20,,Active
C0140,1679692786,Omar Al-Zahrani,عمر الشمري,omar.zahrani140@example.com,0587653269,SA0973846895009751971284,Mecca,2019-07-11,2019-12-31,Asthma,Active
C0211,1116864622,Reem Al-Harbi,ريم الأحمد,reem.harbi211@example.com,0552237281,SA7932302346791214161415,Riyadh ,2019-11-21,2022-08-24,Asthma,Active
C0452,1523802362,Layla Al-Qahtani,ليلى الأحمد,layla.qahtani452@example.com,0519215818,SA9705916118638558819597,Khobar,2022-12-28,2023-08-19,None,Active
C0065,1507236887,Fahad Al-Qahtani,فهد الدوسري,fahad.qahtani65@example.com,0567677219,SA0340438427978819148580,Tabuk,22/01/2023,2026-07-13,None,Suspended
C0250,1459642297,Aisha Al-Ahmad,عائشة العتيبي,aisha.ahmad250@example.com,0512529671,SA8839774573144158331170,Jeddah,2018-07-16,2020-03-30,,Suspended
C0187,2412094818,Aisha Al-Shammari,عائشة الدوسري,aisha.shammari187@example.com,0513989098,SA3780182043397189569070,Dammam,2018-07-07,2022-04-10,None,Active
C0212,2090138069,Khalid Al-Zahrani,خالد العتيبي,khalid.zahrani212@example.com,0584775965,SA5553566905510762091843,Dammam,2018-02-08,2018-06-13,None,Suspended
C0012,1676320163,Maha Al-Otaibi,مها الزهراني,maha.otaibi12@example.com,0528708317,SA2788957986872774348734,Mecca,2022-08-25,2026-03-06,,Suspended
C0098,2616484085,Abdullah Al-Mutairi,عبدالله المطيري,abdullah.mutairi98@example.com,0588770435,SA8112880133613861207501,Riyadh,2020-09-25,2020-12-15,,Active
C0221,2849102562,Maha Al-Zahrani,مها العتيبي,maha.zahrani221@example.com,0558896792,SA4082226940539672757844,Mecca,2023-12-07,2025-11-20,Asthma,Suspended
C0206,1149501364,Noura Al-Ahmad,نورة الشمري,noura.ahmad206@example.com,,SA9562525715099768389030,Medina,21/05/2020,2022-12-16,,Inactive
C0209,2746897152,Omar Al-Qahtani,عمر الحربي,omar.qahtani209@example.com,0573230085,SA7666567491601692364587,Khobar,2022-04-08,2024-11-12,Hypertension,Suspended
C0314,2240148439,Aisha Al-Malki,عائشة الشمري,aisha.malki314_at_example.com,0591062272,SA3626693351342619237245,Riyadh,2023-05-06,2025-12-19,,Suspended
C0276,2675361275,Khalid Al-Harbi,خالد العتيبي,khalid.harbi276@example.com,0515627796,SA3044836085456676640473,Dammam,2020-06-15,2021-01-31,,Inactive
C0386,1867009004,Layla Al-Ahmad,ليلى الدوسري,layla.ahmad386@example.com,0536551584,SA8266913624835505429608,Khobar,2022-04-04,2024-11-19,,Suspended
C0164,2880061675,Sara Al-Zahrani,سارة الزهراني,sara.zahrani164@example.com,0567700284,SA2762467197889778280647,Medina,2023-08-30,2025-02-15,None,Suspended
C0361,1395947372,Fahad Al-Qahtani,فهد الأحمد,fahad.qahtani361@example.com,0513290162,SA0478768868785996486287,Jeddah,2023-04-06,2024-02-19,,Active
C0363,2071553482,Aisha Al-Shammari,عائشة العتيبي,aisha.shammari363@example.com,0501284008,SA3850765975954508917768,Riyadh,2021-04-19,2023-04-15,Asthma,Suspended
C0007,1081219136,Mohammed Al-Mutairi,محمد الزهراني,mohammed.mutairi7@example.com,0519399091,SA6998543534624751079911,Medina,2023-08-22,2026-08-13,Diabetes,Suspended
C0259,2601467238,Abdullah Al-Ghamdi,عبدالله العتيبي,abdullah.ghamdi259@example.com,0549791620,SA2232883774419754661766,jeddah,2023-04-25,2023-06-14,,Inactive
C0295,1785138544,Reem Al-Harbi,ريم الشمري,reem.harbi295@example.com,0557702992,SA9596604873682691163319,Dammam,2018-05-13,2022-01-25,Diabetes,Active
C0057,1182339845,Sara Al-Ahmad,سارة المالكي,sara.ahmad57@example.com,0546156793,SA3410166687002176591803,Jeddah,2022-10-30,2014-07-13,Asthma,Inactive
C0174,1203207427,Noura Al-Zahrani,نورة القحطاني,noura.zahrani174@example.com,0561707587,SA7712151342284993908926,Riyadh,2022-12-08,2023-03-26,Diabetes,Inactive
C0458,1115876054,Abdullah Al-Ghamdi,عبدالله الحربي,abdullah.ghamdi458@example.com,0557694757,SA6945353659746698616342,Riyadh,2020-04-08,2020-06-18,Diabetes,Inactive
C0412,1165914388,Fahad Al-Mutairi,فهد المطيري,fahad.mutairi412@example.com,0523255398,SA3584461777326430954497,Medina,2020-05-26,2022-09-16,,Active
C0117,1673037183,Maha Al-Shammari,مها الأحمد,maha.shammari117@example.com,05764,SA1474350313650249163009,Tabuk,2019-05-15,2023-05-17,None,Suspended
C0290,1579039235,Maha Al-Shammari,مها المطيري,maha.shammari290@example.com,05558,SA3273034615626244670462,Jeddah,2022-06-02,2025-05-30,None,Suspended
C0430,2536218945,Huda Al-Ahmad,هدى الغامدي,huda.ahmad430@example.com,0559067000,SA9942489420466489667605,tabuk,2022-06-06,2023-08-04,None,Inactive
C0477,,Yousef Al-Dossari,يوسف الشمري,yousef.dossari477@example.com,0512121101,SA8780358690170740392519,Medina,2022-06-03,2025-05-31,Asthma,Inactive
C0080,1815997062,Noura Al-Qahtani,نورة الشمري,noura.qahtani80@example.com,0596201533,SA6884443106987205061497,Jeddah,2019-10-22,2023-11-29,,Active
C0102,2887256394,Layla Al-Shammari,ليلى المطيري,layla.shammari102@example.com,0527881658,SA0392827229927503731453,Riyadh,2020-05-21,2020-08-04,Diabetes,Suspended
C0269,2405809351,Noura Al-Ahmad,نورة المالكي,noura.ahmad269@example.com,,SA5956164205955657490250,Dammam,2020-07-22,2020-11-23,Diabetes,Suspended
C0003,2238849696,Huda Al-Zahrani,هدى الشمري,huda.zahrani3@example.com,0553287101,SA2269166978480184514627,Riyadh,2023-02-23,2023-12-12,Hypertension,Suspended
C0106,1473149864,Noura Al-Mutairi,نورة المطيري,noura.mutairi106@example.com,0530098180,SA6356512694486959463688,MECCA,2019-02-05,2021-06-25,Diabetes,Inactive
C0115,1825478077,Reem Al-Harbi,ريم القحطاني,reem.harbi115@example.com,0540649308,SA5368663266341638944846,Jeddah,2021-05-28,2021-06-18,,Active
C0431,2775809745,Fahad Al-Ahmad,فهد الحربي,fahad.ahmad431@example.com,0533890623,SA5466226540165995300622,Riyadh,2021-07-13,2023-11-27,Diabetes,Active
C0404,2225893708,Reem Al-Malki,ريم القحطاني,reem.malki404@example.com,0558062350,SA4056695790012482554428,Mecca,23/11/2022,2025-09-23,None,Suspended
C0355,2885379821,Aisha Al-Qahtani,عائشة الحربي,aisha.qahtani355@example.com,0543395275,SA3674978524914168601347,Mecca,2020-02-18,2016-05-29,Asthma,Suspended
C0192,1124938430,Huda Al-Mutairi,هدى المطيري,huda.mutairi192@example.com,0589487060,SA5664187758030468750635,Riyadh,20/12/2019,2020-05-01,Asthma,Active
C0408,1586605986,Faisal Al-Malki,فيصل الدوسري,faisal.malki408@example.com,0578744227,SA5854859655942824911650,Jeddah,2022-07-06,2023-06-04,,Active
C0011,2823662994,Sara Al-Shammari,سارة الدوسري,sara.shammari11@example.com,0568044369,SA9577738721489513433200,Jeddah,2022-07-07,2026-06-03,None,Suspended
C0146,1634615717,Ahmad Al-Zahrani,أحمد الحربي,ahmad.zahrani146@example.com,0532030937,SA6184787005050613878293,RIYADH,2020-04-11,2021-04-07,,Suspended
C0107,2621372138,Faisal Al-Malki,فيصل الزهراني,faisal.malki107@example.com,0565890260,SA1279611435190669849027,Mecca,2020-11-05,2022-07-26,,Active
C0289,1576270232,Huda Al-Dossari,هدى الأحمد,huda.dossari289@example.com,0544123361,SA3285072517863767316252,Mecca,2019-01-06,2020-09-30,Hypertension,Inactive
C0079,2135521570,Huda Al-Mutairi,هدى العتيبي,huda.mutairi79@example.com,0543315410,SA0676267658617932710405,Dammam,2023-07-26,2024-05-09,,Active
C0032,2160607159,Fahad Al-Shammari,فهد المالكي,fahad.shammari32@example.com,05696,SA5297516136968164535218,Khobar,2020-07-31,2023-05-21,,Suspended
C0382,1019043223,Omar Al-Dossari,,omar.dossari382@example.com,0502333247,SA0739201354621276025082,Khobar,2023-01-27,2026-03-11,None,Active
C0264,2240107835,Ahmad Al-Shammari,أحمد المطيري,ahmad.shammari264@example.com,0567430003,SA8960870662668217195535,MECCA,2018-11-27,2021-12-30,,Active
C0030,2315851493,Layla Al-Malki,ليلى الغامدي,layla.malki30@example.com,0568998094,SA0244550229612018366752,Dammam,2019-09-26,2023-06-01,Hypertension,Suspended
C0322,2090805120,Noura Al-Otaibi,نورة الدوسري,noura.otaibi322@example.com,0580056409,SA9512397283512959272827,Riyadh,2023-01-25,2023-08-05,Asthma,Active
C9411,2334727274,Huda El-Ahmad,هدى الغامدي,huda.ahmad275@example.com,0523183061,SA7893206496935782434776,Medina,2019-07-15,2022-10-27,Hypertension,Suspended
C0129,2644726490,Reem Al-Malki,ريم الأحمد,reem.malki129@example.com,0582771812,SA9826657027937145211175,Riyadh,2020-02-17,2021-10-05,Asthma,Suspended
C0054,2287334270,Noura Al-Shammari,نورة الشمري,noura.shammari54@example.com,0586688263,SA4351751830469901398373,Tabuk,2019-09-04,2021-05-10,Hypertension,Inactive
C0345,,Yousef Al-Ahmad,يوسف العتيبي,yousef.ahmad345@example.com,0537984409,SA7123166007676209014473,Tabuk,2021-05-22,2022-03-08,Hypertension,Active
C0056,2772522872,Maha Al-Ghamdi,مها الزهراني,maha.ghamdi56@example.com,0580801006,SA2312038750997700886008,Khobar,2021-10-14,2023-03-25,Hypertension,Suspended
C0424,1186448221,Mohammed Al-Malki,محمد المالكي,mohammed.malki424@example.com,0575883978,SA5708200480675712369149,Mecca,2021-04-01,2024-12-15,,Suspended
C0215,2552899316,Mohammed Al-Mutairi,محمد المالكي,mohammed.mutairi215@example.com,0508752437,SA7294209548149737460523,Tabuk,2020-02-17,2016-07-27,Diabetes,Suspended
C0370,2501783325,Mohammed Al-Ahmad,محمد الدوسري,mohammed.ahmad370@example.com,0584868999,SA3607984870450691767993,Dammam,2021-11-05,2025-04-17,Asthma,Active
C0141,1894905807,Faisal Al-Mutairi,فيصل العتيبي,faisal.mutairi141@example.com,0578795654,SA4209494079290490471281,Tabuk,01/10/2020,2023-05-26,Hypertension,Inactive
C0299,2949022840,Noura Al-Harbi,نورة الزهراني,noura.harbi299@example.com,0535954429,SA4774222946430394290458,Khobar,2021-09-16,2024-03-26,Asthma,Inactive
C0439,2641106541,Mohammed Al-Ahmad,محمد الشمري,mohammed.ahmad439@example.com,0513407851,SA6994970890583668348268,Khobar,2022-11-08,2013-12-16,Asthma,Suspended
C0041,1786814473,Noura Al-Harbi,نورة الغامدي,noura.harbi41@example.com,0594731217,SA2715518844225831323705,Medina,2019-04-10,2019-06-02,Asthma,Inactive
C0429,2486989396,Maha Al-Dossari,مها المطيري,maha.dossari429@example.com,,SA1559450119292075360511,Mecca,2020-01-27,2022-04-13,,Inactive
C0410,1543183281,Omar Al-Ahmad,عمر القحطاني,omar.ahmad410@example.com,0523123920,SA4910601836472387508276,Medina,2022-02-09,2024-12-30,,Suspended
C0437,1218706293,Khalid Al-Qahtani,خالد المالكي,khalid.qahtani437@example.com,0528809832,SA2101023200186766100898,Tabuk,2020-08-22,2015-06-30,None,Suspended
C0069,1927532697,Reem Al-Qahtani,ريم القحطاني,reem.qahtani69@example.com,0531121965,SA6523413899940438983640,,2018-10-08,2021-09-28,Diabetes,Inactive
C0301,1342337209,Faisal Al-Malki,فيصل العتيبي,faisal.malki301@example.com,0548413128,SA4033399771805137171731,Medina,2018-08-18,2021-02-17,Asthma,Active
C0213,1050505739,Huda Al-Zahrani,هدى المالكي,huda.zahrani213@example.com,0576915671,SA6493289802714872717833,Jeddah,2022-08-20,2026-05-03,Diabetes,Suspended
C0266,2413283483,Ahmad Al-Ahmad,أحمد الدوسري,ahmad.ahmad266@example.com,0515203771,SA0704496410496706670336, Jeddah,2022-08-10,2026-07-24,None,Suspended
C0397,1008696610,Huda Al-Ahmad,هدى الأحمد,huda.ahmad397@example.com,,SA5001680941491507628397,Khobar,2019-11-04,2022-07-10,None,Suspended
C0291,1602529867,Faisal Al-Otaibi,فيصل الزهراني,faisal.otaibi291@example.com,0507660464,SA1978575851268612059438,Tabuk,2018-12-05,2020-11-13,Asthma,Suspended
C0336,2015959194,Noura Al-Ahmad,نورة المطيري,noura.ahmad336@example.com,0557575747,SA5833920567756777226602,Tabuk,2022-10-28,2023-04-09,Hypertension,Inactive
C0184,1548510174,Omar Al-Shammari,عمر المالكي,omar.shammari184@example.com,0590753998,SA9354492683158935712661,Riyadh,2019-03-29,2023-05-06,,Inactive
C9728,1660443240,Aisha Al-Ghamdi,عائشة المالكي,aisha.ghamdi340@example.com,0506157276,SA8297514743974292501058,Mecca,2023-08-27,2025-03-27,Hypertension,Active
C0283,1028767548,Fahad Al-Qahtani,فهد الزهراني,fahad.qahtani283@example.com,0513866675,SA4858193242687741865205,Tabuk,2018-01-02,2019-10-26,None,Suspended
C0021,1385977034,Maha Al-Malki,مها الأحمد,maha.malki21@example.com,0582477109,SA3248086131712748467737,Medina,2023-03-08,2025-07-01,Diabetes,Inactive
C0282,1344694596,Huda Al-Malki,هدى الغامدي,huda.malki282@example.com,0548831921,SA123,Riyadh,2021-11-13,2025-05-23,Asthma,Active
C9268,2268341559,Fahad El-Malki,فهد المالكي,fahad.malki272@example.com,0599101576,SA7647229812099576572894, Tabuk,2022-05-09,2024-09-19,,Active
C0049,2206724004,Huda Al-Mutairi,هدى الغامدي,huda.mutairi49@example.com,0599154788,SA7287431527420549329668,Dammam,2018-06-02,2019-05-26,,Inactive
C0222,2511131290,Aisha Al-Ghamdi,عائشة الحربي,aisha.ghamdi222_at_example.com,0514870682,SA7788160930685389097283,Jeddah,2018-12-23,2020-09-08,,Inactive
C0136,1214958702,Noura Al-Harbi,نورة القحطاني,noura.harbi136@example.com,0507016016,SA6299795453817921717477,JEDDAH,2021-03-06,2024-05-24,Diabetes,Active
C0198,2857872558,Omar Al-Otaibi,عمر الزهراني,omar.otaibi198@example.com,0577749690,SA3337363466925481214785,Jeddah,2018-09-23,2019-08-31,Asthma,Active
C0319,1097768893,Huda Al-Ghamdi,هدى القحطاني,huda.ghamdi319@example.com,0562896964,SA5465535851253892187851,Tabuk,2018-02-20,2015-07-07,Asthma,Active
C0480,2922941156,Faisal Al-Otaibi,فيصل القحطاني,faisal.otaibi480@example.com,0530295596,SA3637262942066154980851,Jeddah,2019-07-03,2019-08-28,Diabetes,Suspended
C0249,1501716445,Maha Al-Shammari,مها الأحمد,maha.shammari249@example.com,0556185790,SA6477159103002156321358,Riyadh,2023-12-26,2026-12-10,,Inactive
C0468,1202191505,Faisal Al-Mutairi,فيصل الدوسري,faisal.mutairi468@example.com,0576449747,SA0002687644867649797416,Tabuk,2020-01-15,2021-05-06,Diabetes,Inactive
C0358,825,Reem Al-Zahrani,ريم الزهراني,reem.zahrani358@example.com,0507896793,SA5219626335564343697093,Khobar,2019-09-08,2021-11-03,,Inactive
C0331,1005155323,Faisal Al-Ahmad,فيصل العتيبي,faisal.ahmad331@example.com,0541595977,SA5244182226189628874312,Mecca,2018-09-25,2019-03-19,,Active
C0470,1594898959,Reem Al-Ghamdi,ريم الشمري,reem.ghamdi470@example.com,0565466345,SA4434414916999393449743,Medina,12/05/2021,2022-09-04,Hypertension,Inactive
C0428,2191650344,Noura Al-Harbi,نورة الحربي,noura.harbi428@example.com,0509661771,SA8249898088067821417468,TABUK,2023-07-23,2024-05-14,,Active
C0333,1447650471,Khalid Al-Dossari,خالد القحطاني,khalid.dossari333@example.com,0558029090,SA4637660465586652548374,Dammam,2018-08-02,2022-03-23,,Inactive
C0037,2853615305,Aisha Al-Dossari,عائشة الأحمد,aisha.dossari37@example.com,0515220472,SA7790104328986143410369,Mecca,2022-08-27,2022-12-14,,Active
C0046,2269495888,Layla Al-Malki,ليلى القحطاني,layla.malki46@example.com,0579470551,SA6940974993097289623091,Jeddah,2021-09-05,2025-02-11,,Inactive
C0310,1734654950,Fahad Al-Qahtani,فهد الدوسري,fahad.qahtani310@example.com,0505070260,SA8698221053161177687290, Dammam,2019-03-25,2020-02-20,None,Inactive
C0347,1058295829,Noura Al-Dossari,نورة الزهراني,noura.dossari347@example.com,0523616188,SA0819048235715586863956,Khobar,2023-01-21,2026-01-29,,Active
C0234,1305872105,Layla Al-Ghamdi,ليلى العتيبي,layla.ghamdi234@example.com,0552472863,SA3302126065019179202521,Jeddah,2020-08-21,2022-08-31,,Active
C0469,2006355373,Aisha Al-Dossari,عائشة الشمري,,0509649692,SA7711952963530597025512,Medina,2018-05-19,2019-10-27,Diabetes,Inactive
C0292,2017750954,Maha Al-Zahrani,,maha.zahrani292@example.com,0565408424,SA5607540915086321812276,Dammam,2018-07-18,2021-02-23,Hypertension,Inactive
C0433,2121203843,Khalid Al-Qahtani,خالد الشمري,khalid.qahtani433_at_example.com,0575365968,SA0785254824218385454006,Dammam,2020-12-13,2021-11-14,Hypertension,Suspended
C0303,1313348458,Sara Al-Otaibi,سارة الزهراني,sara.otaibi303@example.com,0571493925,SA2362292587964347452455,Tabuk,2021-11-03,2025-06-01,Hypertension,Inactive
C0297,1297150968,Layla Al-Shammari,ليلى الأحمد,layla.shammari297@example.com,0583275327,SA3524103977397327819523,Mecca,2021-08-24,2013-01-19,,Active
C0220,2359892625,Huda Al-Shammari,هدى القحطاني,huda.shammari220@example.com,0566093141,SA8186151554234016361128,Khobar,2020-04-14,2020-09-05,Hypertension,Suspended
C0163,2499465796,Maha Al-Shammari,مها العتيبي,maha.shammari163@example.com,0578427114,SA7732010170269524991187,Tabuk,2020-08-11,2022-12-28,None,Active
C0085,1346800722,Mohammed Al-Qahtani,محمد المطيري,mohammed.qahtani85@example.com,0590349446,SA6574374896910858994417,Riyadh,27/05/2020,2021-08-23,Hypertension,Inactive
C0126,,Abdullah Al-Malki,عبدالله الحربي,abdullah.malki126@example.com,0504608432,SA123,Medina,2021-09-28,2024-06-27,Diabetes,Active
C0190,1289141612,Maha Al-Ghamdi,مها المطيري,maha.ghamdi190@example.com,0584639855,SA4743553795020970026876,Medina,2023-09-22,2025-04-20,,Suspended
C0144,1911192692,Abdullah Al-Ahmad,عبدالله الأحمد,abdullah.ahmad144@example.com,0512447174,SA6542140665044271739627,Riyadh,2019-01-12,2019-05-08,Diabetes,Suspended
C0207,1574326303,Abdullah Al-Shammari,عبدالله الغامدي,abdullah.shammari207@example.com,0597524508,SA6403553380339685270171,Jeddah,2018-11-22,2019-03-24,,Suspended
C0113,2722569961,Yousef Al-Zahrani,يوسف العتيبي,yousef.zahrani113@example.com,0512535544,SA9647598762202341326111,Mecca,2022-04-10,2025-09-17,Asthma,Active
C0294,2306244795,Reem Al-Qahtani,ريم الحربي,reem.qahtani294@example.com,0513305319,SA4979695867805555727738,Khobar,2021-01-21,2021-01-31,Diabetes,Suspended
C0239,2090380214,Noura Al-Otaibi,نورة الشمري,noura.otaibi239@example.com,0562961367,SA1577871121663651559737,Riyadh,2023-09-04,2026-03-13,Hypertension,Inactive
C0356,2067917665,Maha Al-Harbi,مها المالكي,maha.harbi356@example.com,0512215001,SA4188421630900159446333,Medina,2022-09-19,2016-05-18,Asthma,Suspended
C0366,1971506662,Layla Al-Dossari,ليلى الحربي,layla.dossari366@example.com,0567055143,SA7769366343925295961111,Tabuk,2018-11-29,2020-04-08,,Active
C0359,2076761645,Omar Al-Ahmad,عمر الشمري,omar.ahmad359@example.com,0534547223,SA9898306503121980418472,Dammam,2021-11-14,2023-11-20,Diabetes,Inactive
C0172,1344762639,Yousef Al-Zahrani,يوسف الزهراني,yousef.zahrani172@example.com,0534362620,SA4439735971072563669411,Medina,2019-05-01,2020-08-02,,Active
C0193,1254110760,Omar Al-Ghamdi,عمر الشمري,omar.ghamdi193@example.com,0595431735,SA0583199717911006512070,Dammam,2018-11-01,2016-06-21,Asthma,Suspended
C0335,2907280123,Khalid Al-Ghamdi,خالد الزهراني,khalid.ghamdi335@example.com,0542893113,SA2532694968436453804421,Riyadh,2020-02-02,2016-06-06,,Inactive
C0077,1213348039,Mohammed Al-Zahrani,محمد المالكي,mohammed.zahrani77@example.com,0565223955,SA9059929378427010393087,Riyadh,2022-01-04,2025-04-14,Hypertension,Suspended
C0362,2664505730,Ahmad Al-Mutairi,أحمد الدوسري,ahmad.mutairi362@example.com,0536279246,SA3203747677537260321450,Dammam,2021-05-07,2021-12-29,None,Inactive
C0199,2766575460,Khalid Al-Malki,خالد المطيري,,0527341514,SA8881431115083535444392,Tabuk,2021-10-09,2024-02-28,Asthma,Inactive
C0132,1901981794,Faisal Al-Shammari,فيصل المالكي,faisal.shammari132@example.com,0569548995,SA2997877293430107139660,Dammam,2020-05-09,2024-04-03,Hypertension,Suspended
C0377,2016934292,Layla Al-Otaibi,ليلى الشمري,layla.otaibi377@example.com,0591320330,SA1623419031061537221556,Mecca,2020-11-10,2013-10-20,Asthma,Suspended
C0443,1247312616,Mohammed Al-Otaibi,محمد الزهراني,mohammed.otaibi443@example.com,0585071058,SA0119509271152610537092,Jeddah,2023-11-01,2027-06-28,,Active
C0415,2713971912,Mohammed Al-Mutairi,محمد الغامدي,mohammed.mutairi415@example.com,,SA123,Khobar,2018-01-21,2021-04-15,Asthma,Inactive
C0076,2472099934,Reem Al-Qahtani,ريم الدوسري,reem.qahtani76@example.com,0576870146,SA2638380657875985642059,Jeddah,2020-05-29,2021-06-16,,Inactive
C0395,1123426698,Mohammed Al-Malki,محمد الحربي,mohammed.malki395@example.com,0506908726,SA1760723483893595382804,Tabuk,2020-03-07,2013-10-11,,Inactive
C0405,2232894633,Reem Al-Ghamdi,ريم القحطاني,reem.ghamdi405@example.com,0589156241,SA5285725629269335895138,Riyadh,2021-12-16,2025-05-21,Asthma,Suspended
C0416,2936653802,Aisha Al-Ghamdi,عائشة الغامدي,aisha.ghamdi416@example.com,0574812421,SA1408682509522946209355,Khobar,2020-05-26,2020-08-09,None,Active
C0075,1067883171,Reem Al-Malki,ريم الأحمد,,0521003236,SA5199410137215107029667,Riyadh,2021-05-09,2022-10-23,None,Suspended
C0337,2229231067,Maha Al-Qahtani,مها الشمري,maha.qahtani337@example.com,0524530762,SA4843379766270511579423,Medina,2022-02-06,2022-03-06,None,Active
C0390,1373265306,Mohammed Al-Mutairi,محمد الغامدي,mohammed.mutairi390@example.com,,SA1786880023009156182980,Jeddah,2020-09-14,2024-01-12,None,Inactive
C0334,1213125129,Aisha Al-Otaibi,عائشة الدوسري,aisha.otaibi334@example.com,0531100591,SA2975191023121106330165,Khobar,2023-09-16,2024-05-05,Asthma,Active
C0231,1916601002,Reem Al-Otaibi,ريم المالكي,reem.otaibi231@example.com,0531429001,SA123,Medina,2019-07-17,2023-08-13,Hypertension,Active
C0409,1931321551,Mohammed Al-Qahtani,محمد الحربي,mohammed.qahtani409@example.com,0530557083,SA6821444889669972736774,Khobar,2022-03-06,2025-10-05,None,Active
C0022,,Abdullah Al-Mutairi,عبدالله المالكي,abdullah.mutairi22@example.com,0572787558,SA8675339636057662702895,Tabuk,2019-07-14,2019-12-03,,Inactive
C0304,1606527403,Sara Al-Shammari,سارة المطيري,sara.shammari304@example.com,0534450566,SA5883398741132579706734,Medina,2022-05-31,2016-07-10,Asthma,Inactive
C0367,1007202455,Faisal Al-Shammari,فيصل الزهراني,faisal.shammari367@example.com,,SA9109032671494981942179,Tabuk,2019-01-14,2015-05-17,Hypertension,Active
C0444,1074189485,Khalid Al-Otaibi,خالد الشمري,khalid.otaibi444@example.com,0543298769,SA8936529447161982734813,Tabuk,2021-07-09,2025-05-02,,Active
C0229,1448123083,Khalid Al-Malki,خالد المالكي,khalid.malki229@example.com,0540242403,SA3810595518426945005342,Dammam,2020-11-26,2022-08-09,,Suspended
C0182,2037548214,Maha Al-Qahtani,مها العتيبي,maha.qahtani182_at_example.com,0556532863,SA2666785072081155626060,Khobar,2020-04-06,2022-09-22,Diabetes,Suspended
C0176,2492515837,Sara Al-Qahtani,سارة العتيبي,sara.qahtani176@example.com,0576749961,SA6592661085732788147617,DAMMAM,07/05/2021,2024-02-06,Diabetes,Active
C0214,1256434712,Omar Al-Otaibi,عمر العتيبي,omar.otaibi214_at_example.com,0587153991,SA5668633414111593195256,Medina,2022-11-17,2026-11-21,,Inactive
C0381,1351040961,Huda Al-Malki,هدى الزهراني,huda.malki381@example.com,0549731539,SA1149830748207365118939,Dammam,2019-07-10,2020-10-04,,Inactive
C0273,2456522036,Sara Al-Zahrani,سارة الدوسري,sara.zahrani273@example.com,0584995154,SA2144773244913421388209,Riyadh,2018-07-17,2021-09-14,Asthma,Suspended
C0342,1080037003,Khalid Al-Qahtani,خالد العتيبي,khalid.qahtani342@example.com,0532285566,SA0847068103903397051958,Tabuk,2020-12-04,2022-03-14,Diabetes,Inactive
C0240,1590960567,Mohammed Al-Malki,محمد القحطاني,mohammed.malki240@example.com,0530306442,SA1214614768342016542356,Mecca,2023-04-09,2014-09-23,None,Suspended
C0059,2311426265,Huda Al-Mutairi,هدى الشمري,huda.mutairi59@example.com,0551104754,SA1212678886101581995604,Mecca,2018-12-18,2022-06-06,None,Active
C0464,2846735742,Fahad Al-Otaibi,فهد الزهراني,fahad.otaibi464@example.com,0523322280,SA1944258922256062953506,Jeddah,2022-11-16,2026-11-03,None,Active
C0392,1404288605,Sara Al-Dossari,سارة الدوسري,sara.dossari392@example.com,0505376660,SA8112600308356691062715,Khobar,2022-09-10,2023-02-14,Diabetes,Active
C0142,1192927524,Fahad Al-Mutairi,فهد الحربي,fahad.mutairi142@example.com,0537280512,SA9276637239504102767478,JEDDAH,2021-02-01,2022-07-12,None,Suspended
C0350,1749680491,Maha Al-Ahmad,مها المالكي,maha.ahmad350@example.com,0587274204,SA9561213773062604235973,Khobar,2022-12-26,2023-05-16,None,Suspended
C0137,1557701715,Maha Al-Mutairi,مها الحربي,maha.mutairi137@example.com,0577245992,SA8161581487696393827615,Jeddah,2022-01-28,2016-03-23,Asthma,Inactive
C0013,1223623166,Sara Al-Ghamdi,سارة الحربي,sara.ghamdi13@example.com,0558760366,SA9096705466889373467065,Khobar,2021-10-07,2023-07-23,None,Suspended
C0372,2244626325,Abdullah Al-Zahrani,عبدالله الأحمد,abdullah.zahrani372@example.com,0514488112,SA1031421751887817941515,Jeddah,2019-02-12,2019-11-04,None,Active
C0010,1458685014,Mohammed Al-Ghamdi,محمد الشمري,mohammed.ghamdi10@example.com,0529401965,SA5698169340608835615951,Khobar,2021-09-06,2023-03-30,Hypertension,Suspended
C9106,2548640155,Ahmed Al-Zahrani,أحمد المطيري,ahmad.zahrani153@example.com,0577881788,SA4795137116241124127238,Khobar,2020-05-09,2021-08-13,,Inactive
C0008,2427849808,Sara Al-Qahtani,سارة الدوسري,sara.qahtani8@example.com,0541241182,SA4493534874016400524278,Khobar,2018-10-09,2020-02-21,None,Suspended
C0257,1441497826,Fahad Al-Ghamdi,فهد الحربي,fahad.ghamdi257@example.com,0561287585,SA7567667080612943985298,Medina,2019-07-10,2021-11-08,Hypertension,Active
C0348,1817214364,Huda Al-Zahrani,هدى القحطاني,huda.zahrani348@example.com,0538130004,SA1321147165609456534699,Mecca,2020-02-11,2024-02-16,Asthma,Suspended
C0253,1347323549,Abdullah Al-Mutairi,عبدالله الشمري,abdullah.mutairi253@example.com,0540128974,SA3251225720765024120957,Medina,2022-05-25,2024-08-06,,Inactive
C0268,2427707070,Yousef Al-Mutairi,يوسف الأحمد,yousef.mutairi268@example.com,0557836091,SA4985172444723229031028,Tabuk,2019-05-25,2021-02-11,None,Suspended
C0287,2289365435,Yousef Al-Malki,يوسف الزهراني,yousef.malki287@example.com,0588418343,SA7401827279559690515026,MECCA,30/11/2019,2020-02-13,Hypertension,Inactive
C0014,2990162720,Fahad Al-Zahrani,فهد القحطاني,fahad.zahrani14@example.com,0546537556,SA4641708053100330923271,Medina,2023-12-28,2024-02-21,Diabetes,Inactive
C0389,1315388824,Reem Al-Harbi,ريم الحربي,reem.harbi389@example.com,0552790504,SA0433335384951632111978,Mecca,2023-10-03,2026-12-25,,Suspended
C0232,1366254361,Faisal Al-Shammari,فيصل القحطاني,faisal.shammari232@example.com,0572131451,SA9515109226859262494514,Mecca,2018-01-05,2019-04-09,Hypertension,Inactive
C0068,1424154152,Khalid Al-Ahmad,خالد الشمري,khalid.ahmad68@example.com,0506436110,SA3712938700516271361115,Dammam,08/04/2020,2024-02-17,Hypertension,Active
C0336,2015959194,Noura Al-Ahmad,نورة المطيري,noura.ahmad336@example.com,0557575747,SA5833920567756777226602,Tabuk,2022-10-28,2023-04-09,Hypertension,Inactive
C0476,,Khalid Al-Otaibi,خالد المطيري,khalid.otaibi476@example.com,0548717754,SA6199240658387272581225,Medina,09/03/2018,2018-09-11,,Suspended
C0340,1660443240,Aisha Al-Ghamdi,عائشة المالكي,aisha.ghamdi340@example.com,0506157276,SA8297514743974292501058,MECCA,2023-08-27,2025-03-27,Hypertension,Active
C0323,1529821739,Aisha Al-Malki,عائشة العتيبي,aisha.malki323@example.com,0529578671,SA8153523736050791815899,KHOBAR,2021-06-30,2023-02-16,Asthma,Suspended
C0288,1782079799,Huda Al-Otaibi,هدى القحطاني,huda.otaibi288@example.com,0566734595,SA7640381664969028249839,Tabuk,2022-01-06,2023-09-25,Diabetes,Active
C0427,2728799160,Layla Al-Ahmad,ليلى الشمري,layla.ahmad427@example.com,0591141319,SA3592361337605230458816,Dammam,2019-07-18,2020-12-28,,Active
C0442,1854570568,Mohammed Al-Harbi,محمد الدوسري,mohammed.harbi442@example.com,0520922570,SA9001635640723247282895,Khobar,2020-12-27,2021-09-23,Hypertension,Active
C0155,1592745238,Omar Al-Qahtani,عمر القحطاني,omar.qahtani155@example.com,0505525782,SA8410672752088547492975,Khobar ,01/09/2020,2021-04-28,,Suspended
C0115,1825478077,Reem Al-Harbi,ريم القحطاني,reem.harbi115@example.com,0540649308,SA5368663266341638944846,Jeddah,28/05/2021,2021-06-18,,Active
C0070,1805526965,Reem Al-Otaibi,ريم الغامدي,reem.otaibi70@example.com,0582710910,SA4300684866618892414183,Tabuk,2023-08-09,2027-03-07,Diabetes,Suspended
C0203,1632967629,Huda Al-Zahrani,هدى الدوسري,huda.zahrani203@example.com,0516032484,SA1376815118567243807017,Mecca,2021-05-03,2023-07-12,Hypertension,Suspended
C0108,1920530214,Maha Al-Malki,مها الحربي,maha.malki108@example.com,0565669380,SA1184895543937690426818,Riyadh,2020-03-08,2020-05-15,Asthma,Inactive
C0460,1796373100,Yousef Al-Dossari,يوسف الحربي,yousef.dossari460@example.com,0581785221,SA1587184523542687447017,Jeddah,2020-05-24,2024-06-03,Diabetes,Suspended
C0159,1219285544,Sara Al-Harbi,سارة المالكي,,0551895202,SA8457652132833898881671,Riyadh,2018-11-11,2021-09-28,Diabetes,Active
C0034,1793597820,Layla Al-Malki,ليلى الشمري,layla.malki34@example.com,0571518203,SA7788925546659051518644,Khobar,2023-03-11,2026-06-11,Asthma,Active
C0204,2125777118,Reem Al-Ghamdi,ريم الشمري,reem.ghamdi204_at_example.com,0537274220,SA9124186210427523083708,Khobar,2018-06-04,2018-06-25,,Inactive
C0084,1148628902,Khalid Al-Malki,خالد الدوسري,khalid.malki84@example.com,0533030705,SA123,Dammam,2018-08-19,2021-07-09,,Inactive
C0194,1466196399,Reem Al-Otaibi,ريم العتيبي,reem.otaibi194@example.com,0507676991,SA5078593110919392845679,Mecca,17/08/2018,2021-10-05,Diabetes,Active
C0227,,Aisha Al-Mutairi,عائشة العتيبي,aisha.mutairi227@example.com,0555598953,SA4396112910933711895473,Medina,2022-10-31,2023-11-13,Diabetes,Active
C0302,2173997046,Layla Al-Zahrani,ليلى الحربي,layla.zahrani302@example.com,0594725878,SA4448354884712705877221,Tabuk,2018-02-09,2021-05-15,None,Suspended
C0045,2650609835,Maha Al-Otaibi,مها الشمري,maha.otaibi45@example.com,0584168784,SA9912165585239868000257,Medina,2019-07-03,2020-12-25,None,Active
C0255,1487824556,Abdullah Al-Otaibi,,abdullah.otaibi255@example.com,0596443098,SA5916795410727284982474,Riyadh ,2022-03-28,2016-07-08,Hypertension,Active
C0196,1337933756,Ahmad Al-Zahrani,أحمد الأحمد,ahmad.zahrani196@example.com,0536205015,SA0812473950033423425832,Jeddah,2023-07-25,2024-10-16,,Active
C0143,2047658018,Omar Al-Shammari,عمر الزهراني,omar.shammari143@example.com,0556945441,SA4967393852580010618175,Jeddah,2020-12-11,2021-10-04,Hypertension,Inactive
C0150,2317970623,Abdullah Al-Otaibi,عبدالله الغامدي,abdullah.otaibi150@example.com,0597265273,SA5435209042177625349292,MEDINA,2022-08-17,2023-09-30,Asthma,Active
C0097,2202590947,Fahad Al-Mutairi,فهد الحربي,fahad.mutairi97@example.com,0598515832,SA8182688615335554398780,Riyadh,2018-01-24,2019-12-01,Hypertension,Inactive
C9523,1832308981,Faisal El-Zahrani,فيصل الشمري,faisal.zahrani384@example.com,0538815881,SA4458220673231829716815,Mecca,2019-07-08,2019-10-24,Diabetes,Suspended
C0411,2545847262,Khalid Al-Qahtani,خالد القحطاني,khalid.qahtani411@example.com,0590529187,SA6831608271721733739920, Dammam,2021-12-04,2024-08-13,Diabetes,Active
C0391,1609365952,Khalid Al-Zahrani,خالد الحربي,khalid.zahrani391@example.com,0501491189,SA4184336875092632239982,Riyadh,2021-03-07,2024-07-09,Diabetes,Inactive
C0055,2393638546,Aisha Al-Ahmad,عائشة الغامدي,aisha.ahmad55@example.com,0578544587,SA7175355609320489964235,Jeddah ,2020-02-18,2020-10-15,None,Suspended
C0406,2846850957,Reem Al-Dossari,ريم الدوسري,reem.dossari406@example.com,0544303491,SA8911797203859340153641,Dammam ,2018-04-16,2021-11-28,Hypertension,Inactive
C0383,2163248889,Ahmad Al-Qahtani,أحمد الغامدي,ahmad.qahtani383@example.com,0595729893,SA7629745493036468719120,Jeddah,2018-10-27,2019-09-06,Asthma,Active
C0026,2965137098,Sara Al-Malki,سارة العتيبي,sara.malki26@example.com,0559317461,SA2004711382675869261796,Dammam,2023-02-06,2025-03-01,,Suspended
C0311,2917793238,Aisha Al-Harbi,عائشة القحطاني,aisha.harbi311@example.com,0522311649,SA1334245798894256529060,Tabuk,2021-08-15,2016-06-17,Diabetes,Active
C0248,1649383184,Noura Al-Ghamdi,نورة الزهراني,noura.ghamdi248@example.com,0591966553,SA3077046117295963904090,Mecca,10/08/2021,2022-11-29,Hypertension,Active
C0449,2610067990,Huda Al-Mutairi,هدى الدوسري,huda.mutairi449@example.com,0506968018,SA6774037842339449530067,mecca,2019-08-24,2019-11-25,None,Active
C0296,1694551588,Yousef Al-Shammari,يوسف المالكي,yousef.shammari296@example.com,0586367747,SA2264085721696663093299,Medina,2022-08-01,2024-07-21,,Suspended
C0109,2769735779,Noura Al-Otaibi,نورة المالكي,noura.otaibi109@example.com,0507141633,SA5658804341651827553942,Khobar,2020-11-21,2023-11-27,Diabetes,Inactive
C0379,1037638821,Sara Al-Qahtani,سارة الزهراني,sara.qahtani379@example.com,0545841484,SA6019134438998278020586,Medina,2020-06-22,2022-12-06,Hypertension,Active
C0210,2050249724,Mohammed Al-Shammari,محمد الشمري,mohammed.shammari210@example.com,0539920116,SA6918362644886946119524,Khobar,2020-10-07,2016-03-04,Diabetes,Suspended
C0390,1373265306,Mohammed Al-Mutairi,محمد الغامدي,mohammed.mutairi390@example.com,0501198756,SA1786880023009156182980,Jeddah,2020-09-14,2024-01-12,None,Inactive
C0228,2571617688,Fahad Al-Ghamdi,فهد الشمري,fahad.ghamdi228@example.com,0502942409,SA0367881278686694320293,Medina,2020-10-31,2015-11-05,,Suspended
C0063,2514010512,Khalid Al-Dossari,خالد الزهراني,khalid.dossari63@example.com,0538282586,SA7362266093796603341918,Jeddah,04/02/2019,2021-07-20,Hypertension,Inactive
C0393,1688269177,Fahad Al-Ghamdi,فهد الحربي,fahad.ghamdi393@example.com,05682,SA0134808735437882603359,Khobar,2021-10-26,2023-10-24,,Active
C0384,1832308981,Faisal Al-Zahrani,فيصل الشمري,,0538815881,SA4458220673231829716815,Mecca,2019-07-08,2019-10-24,Diabetes,Suspended
C0033,1312432921,Faisal Al-Ghamdi,فيصل الدوسري,faisal.ghamdi33@example.com,0527799799,SA5527177449058147700541,Khobar,2021-12-09,2026-01-06,,Suspended
C9972,1029218515,Abdullah Al-Qahtani,عبدالله الدوسري,abdullah.qahtani78@example.com,0569154522,SA6752895392644220969029,Dammam,28/12/2019,2015-06-11,Asthma,Active
C0434,1112327489,Noura Al-Harbi,نورة الزهراني,noura.harbi434@example.com,0579177633,SA4272038862175080196304, Dammam,2021-10-18,2022-08-12,Diabetes,Active
C0223,2762515381,Maha Al-Qahtani,مها المالكي,,0544744309,SA6348079705097545105265,Riyadh,2021-12-18,2022-04-01,,Inactive
C0401,1831828560,Huda Al-Mutairi,هدى الزهراني,huda.mutairi401@example.com,0553970798,SA6617706736820506821223, Khobar,2020-08-15,2023-01-04,Hypertension,Inactive
C0147,1320204179,Fahad Al-Zahrani,فهد الأحمد,fahad.zahrani147@example.com,0529111799,SA3136565198253092511426,Jeddah,2023-04-15,2026-10-02,Hypertension,Suspended
C0021,1385977034,Maha Al-Malki,مها الأحمد,maha.malki21@example.com,0582477109,SA3248086131712748467737,Medina,2023-03-08,2025-07-01,Diabetes,Inactive
C0101,2949299556,Aisha Al-Ghamdi,عائشة الدوسري,aisha.ghamdi101@example.com,0520533645,SA2577754781291428341108,Khobar,2023-06-14,2025-12-22,,Suspended
C0244,1631281964,Fahad Al-Shammari,فهد القحطاني,fahad.shammari244@example.com,0582531106,SA0920981960275233438364,Khobar,2022-07-10,2024-04-21,,Inactive
C0279,1607658173,Sara Al-Zahrani,سارة الحربي,sara.zahrani279@example.com,0590637579,SA1452118237931269789307,Dammam,2023-12-25,2026-10-27,None,Inactive
C0471,1095862973,Sara Al-Ahmad,سارة المالكي,sara.ahmad471@example.com,0598894132,SA1097202170754853465579,Jeddah,03/12/2019,2014-10-30,Diabetes,Active
C0364,2574223196,Omar Al-Mutairi,عمر المالكي,omar.mutairi364@example.com,05463,SA3693626894301204713727,Riyadh,2018-10-03,2019-08-13,,Suspended
C0181,2193183745,Maha Al-Malki,مها الأحمد,maha.malki181@example.com,0550842891,SA0771199180812135247871,jeddah,2018-09-18,2016-10-06,Hypertension,Inactive
C0373,1252883750,Faisal Al-Harbi,فيصل الأحمد,faisal.harbi373@example.com,0556618632,SA3979137876553007309505,Khobar,2018-12-20,2019-04-28,Hypertension,Inactive
C0286,1121259020,Khalid Al-Mutairi,خالد العتيبي,khalid.mutairi286@example.com,0535713432,SA4064242956334324474175,Medina,2023-03-12,2023-09-08,Hypertension,Inactive
C0090,1483564208,Sara Al-Otaibi,سارة العتيبي,sara.otaibi90@example.com,0573753001,SA1972181143744701204556,Khobar,2023-08-01,2024-09-10,,Active
C0417,2013712436,Yousef Al-Ahmad,يوسف الغامدي,yousef.ahmad417@example.com,0558585642,SA3041202706159273874029,Medina,2021-11-15,2014-12-26,,Inactive
C0260,2097052774,Khalid Al-Otaibi,خالد المطيري,khalid.otaibi260@example.com,0502588358,SA6812259572446176792988,Dammam,2022-05-15,2022-06-06,Diabetes,Suspended
C0243,2137157660,Sara Al-Shammari,سارة الغامدي,sara.shammari243@example.com,0553844446,SA3060002589552963863960,Tabuk,2020-07-01,2023-01-18,Asthma,Inactive
C0263,2651241893,Faisal Al-Dossari,فيصل الأحمد,faisal.dossari263@example.com,0589846908,SA1974005643502385037199,Khobar,2020-07-06,2022-02-19,,Inactive
C0020,2940139904,Khalid Al-Otaibi,خالد المطيري,khalid.otaibi20@example.com,0590278742,SA9671756551256746807154,Dammam,13/06/2018,2020-11-13,,Inactive
C0219,1848729758,Fahad Al-Shammari,فهد الأحمد,fahad.shammari219@example.com,0559883103,SA0324329839542961844626,Mecca,2020-10-14,2022-06-21,,Inactive
C0094,2373516091,Sara Al-Mutairi,سارة الغامدي,sara.mutairi94@example.com,0577982708,SA0869782922169958669346,Dammam,2020-02-08,2020-10-12,Hypertension,Inactive
C0459,2948152692,Sara Al-Dossari,سارة الأحمد,sara.dossari459@example.com,0555966472,SA1307423591426140489332,Mecca,2018-02-02,2021-04-19,,Inactive
C0267,,Mohammed Al-Harbi,محمد الأحمد,mohammed.harbi267@example.com,0518648769,SA9842673204413845960945,Dammam,2021-11-25,2022-01-17,Hypertension,Suspended
C0123,1583206799,Sara Al-Malki,سارة الأحمد,sara.malki123@example.com,0581364622,SA5179086416862278376938,Medina,2021-07-31,2024-08-09,Asthma,Active
C0445,2321743574,Sara Al-Dossari,سارة الأحمد,sara.dossari445@example.com,0583526806,SA4860673983448838425364,Mecca,2019-09-22,2021-09-11,Diabetes,Suspended
C0036,1794738347,Omar Al-Zahrani,عمر الأحمد,omar.zahrani36@example.com,0535977468,SA8623924075818141247826,Riyadh,2022-08-10,2024-08-25,Diabetes,Inactive
C0043,1299590010,Faisal Al-Otaibi,فيصل المالكي,faisal.otaibi43@example.com,0594396907,SA8447364710276773592555,Mecca,2019-11-22,2023-03-18,Diabetes,Inactive
C0216,2420865675,Omar Al-Ahmad,عمر القحطاني,omar.ahmad216@example.com,0566184438,SA6125904729277423330591,Khobar,2023-06-20,2027-07-18,Diabetes,Inactive
C0274,2349678274,Yousef Al-Ghamdi,يوسف الأحمد,yousef.ghamdi274@example.com,0511767412,SA4151315285478150618538,Khobar,2023-06-24,2016-04-29,,Suspended
C0272,2268341559,Fahad Al-Malki,فهد المالكي,fahad.malki272_at_example.com,0599101576,SA7647229812099576572894,Tabuk,2022-05-09,2024-09-19,,Active
C0140,1679692786,Omar Al-Zahrani,عمر الشمري,omar.zahrani140@example.com,0587653269,SA0973846895009751971284,Mecca,2019-07-11,2019-12-31,Asthma,Active
C0100,1996881435,Faisal Al-Malki,فيصل القحطاني,faisal.malki100@example.com,0536822239,SA4312908781414139755231,Dammam ,2019-05-20,2019-08-13,Asthma,Active
C0114,2921643347,Mohammed Al-Shammari,محمد المالكي,mohammed.shammari114@example.com,0522820055,SA7784872829979688457831,Mecca,2018-12-07,2019-07-07,Hypertension,Inactive
C0475,1467711675,Aisha Al-Ahmad,عائشة الغامدي,aisha.ahmad475@example.com,0507627995,SA5302453012398472303420,Jeddah,2018-03-31,2019-06-23,Asthma,Inactive
C0450,2017365426,Noura Al-Dossari,نورة الأحمد,noura.dossari450@example.com,0524178429,SA0292334511009060530886,Medina,2020-06-11,2021-05-06,Hypertension,Active
C0262,1901302056,Abdullah Al-Qahtani,عبدالله الشمري,abdullah.qahtani262@example.com,0598152873,SA3978559821766191284117,Jeddah,2023-12-05,2025-01-01,,Suspended
C0378,,Sara Al-Zahrani,سارة الغامدي,sara.zahrani378@example.com,0506720078,SA4361424426078197543734,Tabuk,2019-08-21,2020-10-17,None,Inactive
C0451,2732904575,Mohammed Al-Qahtani,محمد العتيبي,mohammed.qahtani451@example.com,0598875921,SA2996426033620275582147,Mecca,2018-12-29,2021-02-22,,Suspended
C0441,2217558517,Mohammed Al-Harbi,محمد العتيبي,mohammed.harbi441@example.com,0577412746,SA9211882419962642229758,Medina,2018-01-24,2021-04-08,,Inactive
C0019,1812067974,Abdullah Al-Harbi,عبدالله العتيبي,abdullah.harbi19@example.com,0503447134,SA9361832421024994717464,Medina,2019-10-06,2021-02-08,Asthma,Inactive
C0105,2799136621,Layla Al-Malki,ليلى الحربي,layla.malki105@example.com,0503886291,SA2799088117298068650863,Tabuk,2019-11-18,2023-12-10,None,Inactive
C0309,1066615541,Khalid Al-Harbi,خالد المالكي,khalid.harbi309@example.com,0564316704,SA5023290282270093459626,Jeddah,2019-04-04,2021-10-25,Diabetes,Suspended
C0149,1403127722,Maha Al-Malki,مها المالكي,maha.malki149@example.com,0500543645,SA9701082207811379956353,Tabuk ,2020-06-17,2023-01-23,,Inactive
C0134,2829962914,Ahmad Al-Qahtani,أحمد الحربي,ahmad.qahtani134@example.com,0550461735,SA7438421503178078235784,Tabuk,2018-05-08,2020-04-01,Hypertension,Active
C0103,1051844989,Aisha Al-Dossari,عائشة الشمري,aisha.dossari103@example.com,0526659184,SA6386557790827231843222,Dammam,2023-04-08,2025-10-25,Asthma,Suspended
C0236,2620563411,Maha Al-Otaibi,مها الزهراني,maha.otaibi236@example.com,0515950342,SA8113904383034199097005,Riyadh,2023-05-10,2014-12-05,Hypertension,Active
C0293,2015502916,Omar Al-Mutairi,عمر الغامدي,omar.mutairi293@example.com,0581546602,SA4161394498830597364248,Khobar ,2023-11-15,2027-01-23,,Suspended
C0154,2704310385,Reem Al-Malki,ريم القحطاني,reem.malki154@example.com,0569557988,SA7749242437540254729284,Jeddah,2023-04-26,2013-02-16,Diabetes,Suspended
C0298,2164819807,Omar Al-Ahmad,عمر الشمري,omar.ahmad298@example.com,0570460568,SA7611249125652373415177,Tabuk ,2023-10-30,2026-06-18,Diabetes,Inactive
C0352,1332426050,Ahmad Al-Qahtani,أحمد المطيري,ahmad.qahtani352@example.com,0580184980,SA4253733777312688122821, Mecca,2022-08-20,2023-04-14,Asthma,Active
C0061,2935646519,Noura Al-Qahtani,,noura.qahtani61@example.com,0539828073,SA7416724342661797968868,RIYADH,2021-07-31,2023-03-19,Hypertension,Suspended
C0237,2652156818,Noura Al-Harbi,نورة الشمري,noura.harbi237@example.com,0520967904,SA2271133228898572545960, Khobar,2023-08-11,2024-09-13,None,Active
C0058,1250392614,Sara Al-Ahmad,سارة العتيبي,sara.ahmad58@example.com,,SA2185016315999650477358,MECCA,2021-02-22,2024-03-10,None,Active
C0152,2262570165,Omar Al-Zahrani,عمر المطيري,,0580464989,SA3195085016579055281832,Dammam,10/04/2018,2020-10-27,Diabetes,Suspended
C0369,1705263510,Huda Al-Malki,هدى المطيري,huda.malki369@example.com,0504627765,SA7256592024617520238974,Jeddah,2021-05-24,2025-05-15,Diabetes,Inactive
C0225,2211022580,Faisal Al-Zahrani,فيصل القحطاني,faisal.zahrani225@example.com,0530569067,SA4471639282341436371892,Jeddah,2021-08-23,2023-11-19,Asthma,Suspended
C0153,2548640155,Ahmad Al-Zahrani,أحمد المطيري,ahmad.zahrani153@example.com,0577881788,SA4795137116241124127238,Khobar,2020-05-09,2021-08-13,,Inactive
C0073,2937597383,Khalid Al-Ahmad,خالد الدوسري,khalid.ahmad73@example.com,0520603850,SA5064138367024103865719,,01/04/2020,2021-11-19,Asthma,Active
C0183,2550489267,Mohammed Al-Malki,محمد الحربي,mohammed.malki183@example.com,0538997563,SA4108562884318848520089,Dammam,2022-09-14,2024-12-15,Diabetes,Inactive
C0110,1333952111,Omar Al-Ghamdi,عمر الغامدي,omar.ghamdi110@example.com,0579080759,SA5794728463920867808562,Mecca,2020-09-18,2022-03-15,,Suspended
C0453,1537893186,Omar Al-Otaibi,عمر الشمري,omar.otaibi453@example.com,0592897284,SA5401822720028394823220,Dammam,2023-10-18,2024-01-17,,Inactive
C0188,2111824224,Reem Al-Ahmad,ريم المالكي,reem.ahmad188@example.com,0512462095,SA2004615265461033993788,Mecca,2021-07-23,2023-09-13,,Inactive
C0118,1719500528,Layla Al-Qahtani,ليلى الدوسري,layla.qahtani118@example.com,0512735857,SA3065240778487392855749,Tabuk,2019-01-02,2020-05-25,Asthma,Active
C0420,1510458474,Ahmad Al-Ghamdi,أحمد الأحمد,ahmad.ghamdi420@example.com,0536213009,SA6258857669470318053396,Jeddah,08/03/2023,2027-03-06,None,Inactive
C0138,1219719975,Yousef Al-Shammari,يوسف المطيري,yousef.shammari138@example.com,0581724619,SA1965701329022784699733,Khobar,2021-11-02,2024-11-21,Hypertension,Inactive
C0385,1001529113,Sara Al-Dossari,سارة الأحمد,,0571785090,SA2556184442182998747812,Jeddah,2018-05-16,2018-06-08,Hypertension,Suspended
C0233,1526771196,Yousef Al-Otaibi,يوسف الأحمد,yousef.otaibi233@example.com,0542152265,SA5767695236687887883619,Khobar,2019-09-01,2023-05-06,None,Suspended
C0440,945,Layla Al-Shammari,ليلى القحطاني,layla.shammari440@example.com,0517879150,SA5962571976093201265789,Medina,2022-05-10,2025-10-03,Diabetes,Inactive
C0474,1743043502,Fahad Al-Otaibi,فهد الزهراني,fahad.otaibi474_at_example.com,0538502289,SA4665275233282930202569,Riyadh,2022-11-30,2024-07-07,Diabetes,Active
C0048,2041574733,Faisal Al-Shammari,فيصل الشمري,faisal.shammari48@example.com,0584842199,SA3308330165712082677345,Dammam,2021-11-14,2022-09-09,,Active
C0307,2069409600,Fahad Al-Mutairi,فهد الدوسري,fahad.mutairi307@example.com,0535624395,SA8739592323421089028515,Tabuk,2023-02-03,2026-01-18,Hypertension,Active
C0472,2461293900,Abdullah Al-Ahmad,عبدالله الأحمد,abdullah.ahmad472@example.com,0525121375,SA6589635957086199314584,Jeddah,2021-05-21,2022-12-11,Hypertension,Suspended
C0186,2702296044,Ahmad Al-Dossari,أحمد الحربي,ahmad.dossari186@example.com,0532701851,SA0679497567922877725199,Mecca,2022-03-14,2023-11-25,None,Active
C0025,2339421047,Omar Al-Zahrani,عمر الحربي,omar.zahrani25@example.com,0509521456,SA2328588424745171236851,Tabuk,31/07/2020,2023-12-26,None,Active
C0327,1369572790,Mohammed Al-Shammari,,mohammed.shammari327@example.com,0583350902,SA5425730662481323570713,Medina,2018-12-09,2022-10-29,Asthma,Inactive
C0271,2937639283,Faisal Al-Malki,فيصل العتيبي,faisal.malki271@example.com,0569294455,SA1166829732702164871206,Riyadh,2022-01-23,2025-09-22,Diabetes,Active
C0027,2158506431,Noura Al-Ghamdi,نورة الزهراني,noura.ghamdi27@example.com,0571390053,SA2931839335290422842102,Riyadh,2022-12-27,2024-04-23,Hypertension,Active
C0173,1048964652,Noura Al-Ghamdi,نورة الزهراني,noura.ghamdi173@example.com,0580924287,SA5721586241502745644948,Dammam,2021-12-22,2025-05-16,None,Active
C0432,2462591601,Sara Al-Qahtani,سارة الزهراني,sara.qahtani432_at_example.com,0512411584,SA8860080179867782312995,Mecca,2022-10-20,2025-06-25,,Inactive
C0423,2991970142,Reem Al-Qahtani,ريم الغامدي,reem.qahtani423@example.com,0562037087,SA8211602041813599898972,Riyadh,2023-10-13,2027-07-15,,Inactive
C0230,2983735439,Huda Al-Mutairi,هدى العتيبي,huda.mutairi230@example.com,0562736527,SA1727223972404226931216,Jeddah,2022-04-14,2025-12-13,None,Suspended
C0044,2147321046,Faisal Al-Malki,فيصل العتيبي,faisal.malki44@example.com,0596325953,SA2787747016873395004797,Dammam,2021-07-31,2022-12-08,Asthma,Active
C0315,2418972154,Sara Al-Malki,سارة العتيبي,sara.malki315@example.com,0506417692,SA7438119953766014448564,Dammam,2023-04-14,2024-08-01,,Active
C0189,2063048913,Mohammed Al-Dossari,محمد الزهراني,mohammed.dossari189@example.com,0582496718,SA3258238687007942007494,Tabuk,2022-07-26,2015-03-23,None,Inactive
C0446,2406579551,Mohammed Al-Dossari,محمد الدوسري,,0556239209,SA0855107409131117861902,Dammam,2018-08-06,2021-02-03,Hypertension,Suspended
C0457,1436258542,Fahad Al-Shammari,فهد العتيبي,fahad.shammari457@example.com,0518808799,SA1962341996433853247250,Dammam,2018-12-29,2020-08-25,Asthma,Active
C0258,,Yousef Al-Shammari,يوسف القحطاني,yousef.shammari258@example.com,0591497501,SA9803828723244079311029,Riyadh,2022-07-09,2014-04-03,Asthma,Active
C9059,1070518439,Omar  Al-Qahtani,عمر القحطاني,omar.qahtani285@example.com,0505529580,SA6601382412704938620448,,2018-12-06,2021-04-13,,Inactive
C0208,1381674233,Fahad Al-Ghamdi,فهد القحطاني,fahad.ghamdi208@example.com,0562934497,SA3471566277689627066149,medina,2019-01-11,2020-01-01,Diabetes,Suspended
C0052,2046226567,Omar Al-Otaibi,عمر المالكي,omar.otaibi52@example.com,0566182512,SA8682300478686337524310,Tabuk,2018-09-04,2019-01-23,None,Suspended
C0448,2031006493,Abdullah Al-Qahtani,عبدالله الزهراني,abdullah.qahtani448@example.com,0540391045,SA2036089411849135992855,Tabuk,2018-07-22,2020-07-15,Diabetes,Inactive
C0418,1632248155,Omar Al-Otaibi,عمر الشمري,omar.otaibi418@example.com,0542034030,SA1095679756491579554623,Dammam,2022-10-12,2026-02-02,None,Active
C0072,2191380003,Maha Al-Mutairi,مها القحطاني,maha.mutairi72@example.com,0507562208,SA6353654195180238061744,Dammam,2022-02-15,2023-01-03,,Suspended
C0402,2058714692,Huda Al-Qahtani,هدى العتيبي,huda.qahtani402@example.com,0518219259,SA6790898436998480220509,Khobar,2022-05-31,2026-03-21,Diabetes,Suspended
C0349,2047681699,Mohammed Al-Zahrani,محمد الأحمد,mohammed.zahrani349@example.com,0557060717,SA4811317653970548739610, Khobar,2023-08-10,2025-05-25,Diabetes,Suspended
C0033,1312432921,Faisal Al-Ghamdi,فيصل الدوسري,faisal.ghamdi33@example.com,0527799799,SA5527177449058147700541,Khobar,2021-12-09,2026-01-06,,Suspended
C0157,2674266299,Maha Al-Malki,مها العتيبي,,0512347851,SA9610646287923264870494,Mecca,2020-06-02,2024-07-01,Asthma,Suspended
C0343,2485862394,Abdullah Al-Qahtani,عبدالله المالكي,abdullah.qahtani343@example.com,0553546147,SA0798632106133943945703,Medina,2018-01-31,2021-08-08,Hypertension,Active
C0300,1985856728,Khalid Al-Mutairi,خالد القحطاني,khalid.mutairi300@example.com,0572760153,SA4332491357790833506158, Riyadh,2021-11-10,2025-06-20,Hypertension,Suspended
C0294,2306244795,Reem Al-Qahtani,ريم الحربي,reem.qahtani294@example.com,0513305319,SA4979695867805555727738,khobar,21/01/2021,2013-02-14,Diabetes,Suspended
C0456,2667063621,Mohammed Al-Malki,محمد الأحمد,mohammed.malki456@example.com,0598655049,SA4440766349339650496273,Jeddah,2022-02-11,2024-05-22,Diabetes,Inactive
C0463,1532366185,Mohammed Al-Harbi,محمد الدوسري,mohammed.harbi463@example.com,0507610870,SA8269718236010712615838,Khobar,25/04/2023,2027-03-10,Asthma,Suspended
C0284,2203758309,Noura Al-Shammari,نورة الغامدي,noura.shammari284@example.com,05451,SA4047604409079772781050,medina,2020-02-22,2022-04-15,Diabetes,Suspended
C0400,2480164403,Fahad Al-Mutairi,فهد الدوسري,fahad.mutairi400@example.com,0573416781,SA2778221021798213486298,Dammam,2018-07-15,2019-04-29,None,Suspended
C0346,2009687304,Huda Al-Harbi,هدى الغامدي,huda.harbi346@example.com,0551957782,SA5588255629657542786561,Medina,2020-08-19,2016-06-18,Hypertension,Active
C0365,2988558298,Khalid Al-Dossari,خالد المطيري,khalid.dossari365@example.com,0549330674,SA5847609441283337218856,Khobar,2022-03-05,2024-10-20,None,Inactive
C0165,1902559056,Huda Al-Dossari,هدى الحربي,huda.dossari165@example.com,0516556503,SA3349114152085076986407,Medina,2021-08-05,2021-12-08,,Inactive
C0285,1070518439,Omar Al-Qahtani,عمر القحطاني,omar.qahtani285@example.com,0505529580,SA6601382412704938620448,Dammam,2018-12-06,2021-04-13,,Inactive
C0178,1610277697,Maha Al-Otaibi,مها الشمري,maha.otaibi178@example.com,0549956412,SA2031030372368314727601,Jeddah,2023-12-29,2024-02-03,Diabetes,Suspended
C0317,2534705742,Yousef Al-Ahmad,يوسف الزهراني,yousef.ahmad317@example.com,0538856527,SA1559835411659726347557,Dammam ,2020-11-04,2022-11-08,Diabetes,Active
C0127,1518812520,Sara Al-Malki,سارة القحطاني,sara.malki127@example.com,0556647423,SA1220994999393305172897,Khobar,2022-10-28,2013-07-12,Hypertension,Active
C0375,1511455129,Sara Al-Dossari,سارة القحطاني,sara.dossari375@example.com,0539130448,SA8189848416046154021190,Riyadh,2019-01-17,2014-09-16,None,Active
C0280,2043878753,Omar Al-Dossari,عمر القحطاني,omar.dossari280@example.com,0557788116,SA1620281237106728728660,Dammam,2018-05-30,2020-03-18,,Inactive
C0329,1426425064,Aisha Al-Qahtani,عائشة الزهراني,aisha.qahtani329@example.com,0520768362,SA5366677767555628333393,Tabuk,2022-01-15,2023-04-18,Asthma,Inactive
C0275,2334727274,Huda Al-Ahmad,هدى الغامدي,huda.ahmad275@example.com,0523183061,SA7893206496935782434776, Medina,2019-07-15,2022-10-27,Hypertension,Suspended
C0139,1986240580,Layla Al-Harbi,ليلى الشمري,layla.harbi139@example.com,05085,SA9656666832723865624220,Riyadh,11/11/2021,2022-05-12,,Active
C0396,1826958264,Reem Al-Otaibi,ريم القحطاني,reem.otaibi396@example.com,0518696561,SA3087612385951434682394,Tabuk,2022-11-14,2024-10-13,Asthma,Inactive
C0329,1426425064,Aisha Al-Qahtani,عائشة الزهراني,aisha.qahtani329@example.com,0520768362,SA5366677767555628333393, Tabuk,2022-01-15,2023-04-18,Asthma,Inactive
C0081,1467741862,Abdullah Al-Qahtani,عبدالله الحربي,abdullah.qahtani81@example.com,0556527047,SA7434902115869380686879,Jeddah,2018-12-02,2021-07-28,None,Inactive
C0254,1943882211,Maha Al-Ghamdi,مها الزهراني,maha.ghamdi254@example.com,0545775847,SA4570545897148026325703,Medina,2019-03-25,2019-06-25,None,Inactive
C0238,2102481717,Abdullah Al-Mutairi,عبدالله المطيري,abdullah.mutairi238@example.com,0552421495,SA5112747472197054669275,Medina,2018-11-04,2019-09-12,Asthma,Inactive
C0325,2031723513,Maha Al-Shammari,مها المالكي,maha.shammari325@example.com,0573990063,SA1403526356022939469434,Mecca,2023-11-17,2024-11-16,,Inactive
C0074,1344565574,Huda Al-Shammari,هدى العتيبي,huda.shammari74@example.com,0531329121,SA2775618537474112490352,Riyadh,2018-09-13,2021-02-19,Diabetes,Inactive
C0328,1168809255,Faisal Al-Qahtani,فيصل القحطاني,faisal.qahtani328@example.com,0502130609,SA0691309810796496737945, Khobar,2021-07-24,2021-11-17,None,Inactive
C0421,1591832700,Maha Al-Shammari,مها الشمري,maha.shammari421@example.com,0504666145,SA9011079771400493881949,Riyadh,2022-11-25,2016-04-23,Hypertension,Active
C0122,1107522459,Mohammed Al-Harbi,محمد المالكي,mohammed.harbi122@example.com,0533441969,SA3157279194096105566139,Riyadh,2023-09-26,2026-11-08,None,Active
C0242,2766558685,Mohammed Al-Harbi,محمد الحربي,mohammed.harbi242@example.com,0512765289,SA2866464911110961798178,Medina,2023-08-19,2024-04-30,,Suspended
C0399,1356178170,Aisha Al-Qahtani,عائشة الدوسري,aisha.qahtani399@example.com,05321,SA1363852778956133718444,Medina,05/01/2022,2026-01-08,,Suspended
C0368,1406527758,Huda Al-Malki,هدى العتيبي,huda.malki368@example.com,0544663453,SA3722010912172214559376,Mecca,2023-07-27,2026-12-20,,Suspended
C0035,2629148652,Noura Al-Otaibi,نورة المطيري,noura.otaibi35@example.com,0581685054,SA2357332214188805929622,Jeddah,2019-08-03,2021-07-19,Asthma,Active
C0047,1689702838,Noura Al-Shammari,نورة القحطاني,noura.shammari47@example.com,0557865278,SA5854973348434437575844,Riyadh,2022-08-19,2026-07-03,Asthma,Suspended
C0361,1395947372,Fahad Al-Qahtani,فهد الأحمد,,0513290162,SA0478768868785996486287,Jeddah,2023-04-06,2024-02-19,,Active
C0479,2702059685,Faisal Al-Mutairi,فيصل المطيري,faisal.mutairi479@example.com,0519537749,SA123,Riyadh,2021-09-16,2021-10-10,None,Inactive
C0066,1745171339,Abdullah Al-Shammari,عبدالله العتيبي,abdullah.shammari66@example.com,0559629233,SA0958498254494812604223,Jeddah,2020-10-10,2014-02-23,Hypertension,Active
C0202,2621286716,Noura Al-Malki,نورة الأحمد,noura.malki202@example.com,0532346729,SA9493874302716938597779, Riyadh,05/12/2019,2021-10-04,,Inactive
C0128,1330604633,Maha Al-Shammari,مها الزهراني,maha.shammari128@example.com,0531279757,SA3660965699988081770388,Mecca,2023-04-25,2024-01-31,,Suspended
C0380,2644936999,Khalid Al-Ghamdi,خالد القحطاني,khalid.ghamdi380@example.com,0551679335,SA0557385736801192360376,Medina,2019-03-21,2023-04-29,,Active
C0002,2931034131,Ahmad Al-Shammari,أحمد العتيبي,ahmad.shammari2@example.com,0564752553,SA4192832764835030564139,Khobar,2021-04-15,2024-10-23,Hypertension,Active
C0029,1836736576,Sara Al-Zahrani,سارة المالكي,sara.zahrani29@example.com,0561565452,SA7111161528098851656049,Dammam,2022-10-29,2023-05-20,Hypertension,Active
C0461,750,Aisha Al-Ahmad,عائشة المالكي,aisha.ahmad461@example.com,0563370140,SA0527810558000272214257,Khobar,2022-08-11,2024-07-10,Diabetes,Active
C0425,2296882769,Huda Al-Otaibi,هدى القحطاني,huda.otaibi425@example.com,0570409531,SA4196156078327488356517,Medina,2023-09-24,2026-07-13,None,Active
C0360,1813190924,Sara Al-Qahtani,سارة الغامدي,sara.qahtani360@example.com,0587623039,SA1114281785228230524808,Medina,2022-08-05,2015-06-16,,Inactive
C0086,2328309652,Huda Al-Dossari,هدى الحربي,huda.dossari86@example.com,0507446660,SA9935387584282417248251, Jeddah,2020-12-05,2024-08-09,Hypertension,Active
C0053,1907903067,Yousef Al-Ahmad,يوسف الغامدي,yousef.ahmad53@example.com,0538302843,SA9599534283644089268705,Khobar,2020-04-24,2020-09-08,None,Suspended
C0112,1885744890,Yousef Al-Ahmad,يوسف القحطاني,,0561203471,SA7545588450615939982455,Khobar,2022-09-23,2025-07-12,Asthma,Inactive
C0179,2933496050,Omar Al-Zahrani,عمر الزهراني,omar.zahrani179@example.com,0516679984,SA0767899730806958146717,Medina,2023-04-16,2023-05-26,Hypertension,Inactive
C0374,1198819277,Omar Al-Ahmad,عمر الدوسري,omar.ahmad374@example.com,0588519053,SA4864010424624561851744,Mecca,2023-03-14,2023-09-04,,Active
C0171,2724295431,Yousef Al-Qahtani,يوسف المطيري,yousef.qahtani171@example.com,0565266930,SA0893173420696942152910,Khobar,2022-08-08,2024-05-23,Asthma,Inactive
C0466,2119556409,Huda Al-Otaibi,هدى الدوسري,huda.otaibi466@example.com,0519693957,SA8752070204262019712124,Riyadh,2018-12-21,2021-05-15,Diabetes,Suspended
C9381,1309821506,Fahad Al-Shammari,فهد الأحمد,fahad.shammari89@example.com,0548909010,SA0167618472304618499261,Medina,2020-07-24,2021-10-26,Asthma,Active
C0042,2678669125,Khalid Al-Malki,خالد القحطاني,khalid.malki42@example.com,0517785289,SA2268018242253584143842,Khobar,2018-12-20,2019-05-03,Hypertension,Suspended
C0426,,Sara Al-Ahmad,سارة المطيري,sara.ahmad426@example.com,0547842170,SA2851622593648820893486,Medina,2022-09-24,2026-08-31,Asthma,Active
C0251,1539885472,Abdullah Al-Zahrani,عبدالله الشمري,abdullah.zahrani251@example.com,0581235679,SA8363146249127113072407,Khobar,2020-02-09,2022-11-03,Asthma,Inactive
C0004,2893252880,Yousef Al-Qahtani,يوسف المالكي,yousef.qahtani4@example.com,0595701543,SA0391171822782489638346,Khobar,2019-03-12,2022-09-12,Hypertension,Inactive
C0161,,Fahad Al-Dossari,فهد الأحمد,fahad.dossari161@example.com,0511908334,SA2801387592712566383615,Riyadh,2019-01-07,2019-11-01,None,Active
C0116,2497350208,Fahad Al-Harbi,فهد العتيبي,fahad.harbi116@example.com,0502144270,SA3120735647570512046187,Jeddah,2023-02-09,2026-07-28,Diabetes,Inactive
C0274,2349678274,Yousef Al-Ghamdi,يوسف الأحمد,yousef.ghamdi274@example.com,0511767412,SA123,KHOBAR,2023-06-24,2014-09-03,,Suspended
C0119,2857086209,Ahmad Al-Malki,أحمد القحطاني,ahmad.malki119@example.com,0559351863,SA8782945651181022031731,Riyadh,15/01/2023,2024-09-11,Asthma,Suspended
C0419,1080181030,Fahad Al-Harbi,فهد الزهراني,fahad.harbi419@example.com,0568317641,SA7268080815712901507138,Riyadh,2022-11-14,2022-11-19,None,Inactive
C0422,2998094976,Huda Al-Otaibi,هدى الدوسري,huda.otaibi422@example.com,0598731379,SA123,Tabuk,2019-12-07,2020-03-02,Diabetes,Inactive
C0435,1493534001,Reem Al-Mutairi,ريم الغامدي,reem.mutairi435@example.com,0581677848,SA1652444544608385179937,Khobar,2021-08-24,2025-09-04,Asthma,Active
C0050,2304637454,Huda Al-Otaibi,هدى القحطاني,huda.otaibi50@example.com,0599045301,SA7426841459332727956878,Tabuk,2019-07-30,2022-04-02,Diabetes,Active
C0088,2666760083,Yousef Al-Qahtani,يوسف الزهراني,yousef.qahtani88@example.com,05505,SA3542168942104478985625,MECCA,2018-12-27,2019-09-18,Hypertension,Active
C0168,2778660324,Ahmad Al-Qahtani,أحمد الغامدي,ahmad.qahtani168@example.com,05204,SA0015941651623198189847,,2018-04-24,2019-09-08,Diabetes,Suspended
C9157,2156956201,Huda  Al-Otaibi,هدى المالكي,huda.otaibi191@example.com,0575370304,SA5319433750479303614987,Jeddah,2018-05-07,2022-02-10,Asthma,Active
C0308,2433502716,Huda Al-Ghamdi,هدى الغامدي,huda.ghamdi308@example.com,0507360776,SA3369112898123179556331,Tabuk,25/05/2021,2022-04-24,Asthma,Inactive
C0115,1825478077,Reem Al-Harbi,ريم القحطاني,reem.harbi115@example.com,0540649308,SA5368663266341638944846,Jeddah,2021-05-28,2021-06-18,,Active
C9427,2762515381,Maha  Al-Qahtani,مها المالكي,maha.qahtani223@example.com,0544744309,SA6348079705097545105265,Riyadh,2021-12-18,2022-04-01,,Inactive
C0191,2156956201,Huda Al-Otaibi,هدى المالكي,huda.otaibi191@example.com,0575370304,SA5319433750479303614987,Jeddah,2018-05-07,2022-02-10,Asthma,Active
C0167,2649878208,Yousef Al-Harbi,يوسف الشمري,yousef.harbi167@example.com,0529737489,SA6908357232466513644249,Jeddah,2021-07-07,2022-08-20,None,Active
C0403,2249598811,Maha Al-Malki,مها الشمري,maha.malki403@example.com,0545788707,SA1523867673820974619177,Medina,2020-10-24,2023-08-29,Asthma,Inactive
C0351,1990775608,Aisha Al-Otaibi,عائشة العتيبي,aisha.otaibi351@example.com,0558167046,SA8611145768321021923785,Medina,2019-11-05,2020-08-16,Hypertension,Inactive
C0148,1962071002,Fahad Al-Zahrani,فهد الغامدي,fahad.zahrani148@example.com,0519467232,SA4876329092791456083318,RIYADH,2018-06-16,2019-03-16,Asthma,Inactive
C0278,1041662411,Fahad Al-Harbi,فهد الحربي,fahad.harbi278@example.com,0518600892,SA1963945680447314976461,Jeddah,2018-04-10,2016-04-01,None,Suspended
C0156,1693751509,Khalid Al-Ahmad,خالد القحطاني,khalid.ahmad156@example.com,0539834301,SA8718637599805626565045,Dammam,24/04/2019,2021-01-13,Hypertension,Inactive
C0200,2907826333,Mohammed Al-Harbi,محمد الحربي,mohammed.harbi200@example.com,,SA1536637780529240755366,Khobar,2021-11-20,2024-02-25,None,Suspended
C0462,1368172031,Reem Al-Ahmad,ريم المطيري,reem.ahmad462@example.com,0536955286,SA2092973525953322273938,Medina,2021-05-18,2022-08-25,Asthma,Active
C0246,1808823513,Faisal Al-Harbi,,faisal.harbi246@example.com,0505231244,SA7315847768634234619942,Tabuk,2020-02-29,2023-07-24,Diabetes,Suspended
C0158,2471462730,Khalid Al-Ghamdi,خالد الأحمد,khalid.ghamdi158@example.com,0514719597,SA9647158904290257252045,MECCA,2018-01-11,2018-11-22,Hypertension,Active
C0256,1074065004,Khalid Al-Ahmad,خالد الغامدي,khalid.ahmad256@example.com,0525488214,SA2369143075366614494296,Khobar,2021-03-05,2024-07-01,Hypertension,Suspended
C0133,2414488501,Yousef Al-Ghamdi,يوسف الأحمد,yousef.ghamdi133@example.com,0555699023,SA5577027278576084958803,Medina,2020-04-04,2024-02-16,Hypertension,Inactive
C0016,1147379965,Khalid Al-Shammari,خالد المطيري,khalid.shammari16@example.com,0507527354,SA5494808313678377701436,Khobar,2021-01-04,2022-10-26,Diabetes,Inactive
C0407,1259367813,Ahmad Al-Dossari,أحمد الدوسري,ahmad.dossari407@example.com,,SA1410527698198780927045,Jeddah,2020-04-08,2020-11-13,Diabetes,Suspended
C0226,2043260931,Huda Al-Qahtani,هدى الغامدي,huda.qahtani226@example.com,0506684335,SA6708604145456350200053,Dammam,2019-05-09,2020-02-03,None,Inactive
C0151,2740633569,Ahmad Al-Shammari,أحمد المالكي,ahmad.shammari151@example.com,0539290600,SA7806867177318063254310,Mecca,2023-06-27,2024-09-12,Hypertension,Active
C0338,1549691928,Reem Al-Zahrani,ريم الأحمد,reem.zahrani338@example.com,05455,SA0756335357485953259399,,2021-06-15,2024-12-29,Diabetes,Inactive
C0332,1095799270,Fahad Al-Shammari,فهد الزهراني,fahad.shammari332@example.com,0579551512,SA2946213541597099625438,Dammam,2022-04-03,2024-12-04,Asthma,Active
C0326,2490607231,Maha Al-Shammari,مها الشمري,maha.shammari326@example.com,0511271285,SA2464844941163187328077,Riyadh,2021-02-13,2022-03-08,,Active
C9870,1299590010,Faisal Al-Otaibi,فيصل المالكي,faisal.otaibi43@example.com,0594396907,SA8447364710276773592555,Mecca,2019-11-22,2023-03-18,Diabetes,Inactive
C0111,1691559428,Faisal Al-Zahrani,فيصل الدوسري,faisal.zahrani111@example.com,0543479552,SA7636556472929314386632,Tabuk,2018-02-04,2018-02-28,Diabetes,Inactive
C0121,1286852897,Layla Al-Dossari,ليلى الزهراني,layla.dossari121_at_example.com,0555855665,SA9398368457760049082404,Jeddah,2022-10-16,2023-05-17,Diabetes,Inactive
C0170,1432756041,Mohammed Al-Shammari,محمد الحربي,mohammed.shammari170@example.com,0577656124,SA8156985700272063459112,Jeddah,2021-05-17,2021-11-17,Asthma,Suspended
C0005,1150983930,Aisha Al-Malki,عائشة الزهراني,aisha.malki5@example.com,0510310518,SA3473829973763116566701,Riyadh,2019-05-11,2020-09-29,None,Suspended
C0312,2509775396,Mohammed Al-Qahtani,محمد الأحمد,mohammed.qahtani312@example.com,0573794871,SA4855245787158415608213,Mecca ,2020-09-01,2021-07-29,,Active
C0064,2859696915,Abdullah Al-Zahrani,عبدالله العتيبي,abdullah.zahrani64@example.com,0557924991,SA2513412528669296627828,Jeddah,2020-12-10,2024-09-13,None,Inactive
C0093,2608801994,Noura Al-Otaibi,نورة الزهراني,noura.otaibi93@example.com,,SA7589975711305548851027,Jeddah,2018-03-14,2018-10-10,None,Active
C0438,1561403845,Reem Al-Otaibi,ريم الأحمد,reem.otaibi438@example.com,0531980746,SA8235469510030762054596,Mecca,2018-12-09,2020-08-05,,Inactive
C0055,2393638546,Aisha Al-Ahmad,عائشة الغامدي,aisha.ahmad55@example.com,0578544587,SA7175355609320489964235,Jeddah,18/02/2020,2020-10-15,None,Suspended
C0095,2858333945,Yousef Al-Qahtani,يوسف القحطاني,yousef.qahtani95@example.com,0522885158,SA7996846081062003424420,Khobar,2022-08-18,2026-01-02,Hypertension,Active
C0092,1588916375,Sara Al-Dossari,سارة الأحمد,,05628,SA7721753540838663177971,Tabuk,2023-11-20,2015-09-01,None,Inactive
C0394,1859914492,Ahmad Al-Dossari,أحمد الزهراني,ahmad.dossari394@example.com,0507492699,SA9699648997184285969325,Medina,2018-03-15,2021-08-06,,Inactive
C0218,1151826068,Fahad Al-Shammari,فهد الزهراني,fahad.shammari218@example.com,0588718981,SA3129208751029321840118,Dammam,2022-11-12,2024-07-15,Hypertension,Suspended
C0478,2122276433,Omar Al-Dossari,عمر القحطاني,,0587220542,SA2162654963308334447048,Tabuk,2021-07-27,2022-03-08,Asthma,Inactive
C0162,2801571647,Faisal Al-Qahtani,فيصل الزهراني,faisal.qahtani162@example.com,0594738646,SA3175207167811266912153,dammam,2022-01-19,2026-01-01,Diabetes,Suspended
C0071,2303161799,Noura Al-Shammari,نورة المطيري,noura.shammari71@example.com,0504210202,SA7588425241056481491778,Dammam,2018-09-28,2020-06-24,,Inactive
C0245,2911244211,Ahmad Al-Qahtani,أحمد الأحمد,ahmad.qahtani245@example.com,0575361706,SA1713665722402990155799,Medina,2019-02-28,2019-10-13,,Active
C0447,1695354120,Khalid Al-Shammari,خالد الأحمد,khalid.shammari447@example.com,0512275950,SA0260151532594795074071,Tabuk,2019-12-27,2020-12-05,None,Suspended
C0224,1617024376,Khalid Al-Ghamdi,,khalid.ghamdi224_at_example.com,0554562841,SA7722560531340266502374,Riyadh,2023-12-08,2026-10-26,None,Inactive
C0306,2667080850,Layla Al-Ahmad,,layla.ahmad306@example.com,0596085874,SA9511918182819793164772,Khobar,2019-05-04,2022-12-09,Hypertension,Active
C0313,,Faisal Al-Harbi,فيصل القحطاني,faisal.harbi313@example.com,0530358929,SA8808583825212932896340,Mecca,2021-11-24,2023-08-14,Hypertension,Inactive
C0177,2908108186,Huda Al-Harbi,هدى الغامدي,huda.harbi177@example.com,0561794549,SA1801722601645977945232,Riyadh,2023-11-13,2026-04-06,Asthma,Inactive
C0467,2609873126,Abdullah Al-Shammari,عبدالله المطيري,abdullah.shammari467@example.com,0577319227,SA6075988978653394319165,Dammam,2022-07-11,2025-02-12,Diabetes,Active
C0166,1713578529,Reem Al-Mutairi,ريم الشمري,reem.mutairi166@example.com,0545637183,SA4404963919195419876351,Khobar,2021-08-13,2024-10-28,Hypertension,Suspended
C0060,2224447212,Omar Al-Malki,عمر الغامدي,omar.malki60@example.com,0564647154,SA3799371240659657569245,Medina,2023-11-05,2013-11-29,Diabetes,Inactive
